symbol,timestamp,trend,entry_price,ml_p_win,accepted
BTCUSDT,1754215200000,uptrend,113684.601,0.0,False
BTCUSDT,1754216100000,uptrend,113684.601,0.0,False
BTCUSDT,1754217000000,uptrend,113684.601,0.0,False
BTCUSDT,1754217900000,uptrend,113684.601,0.0,False
BTCUSDT,1754218800000,uptrend,113684.601,0.0,False
BTCUSDT,1754219700000,uptrend,113684.601,0.0,False
BTCUSDT,1754220600000,uptrend,113684.601,0.0,False
BTCUSDT,1754221500000,uptrend,113684.601,0.0,False
BTCUSDT,1754222400000,uptrend,113684.601,0.0,False
BTCUSDT,1754223300000,uptrend,113947.50429,0.0,False
BTCUSDT,1754224200000,uptrend,113947.50429,0.0,False
BTCUSDT,1754225100000,uptrend,113947.50429,0.0,False
BTCUSDT,1754226000000,uptrend,113947.50429,0.0,False
BTCUSDT,1754226900000,uptrend,113947.50429,0.0,False
BTCUSDT,1754227800000,uptrend,113993.98569,0.0,False
BTCUSDT,1754228700000,uptrend,113993.98569,0.0,False
BTCUSDT,1754235000000,downtrend,113808.46316000001,0.0,False
BTCUSDT,1754235900000,downtrend,113808.46316000001,0.0,False
BTCUSDT,1754236800000,downtrend,113808.46316000001,0.0,False
BTCUSDT,1754237700000,downtrend,113808.46316000001,0.0,False
BTCUSDT,1754238600000,downtrend,113808.46316000001,0.0,False
BTCUSDT,1754239500000,downtrend,113808.46316000001,0.0,False
BTCUSDT,1754240400000,downtrend,113808.46316000001,0.0,False
BTCUSDT,1754241300000,downtrend,113808.46316000001,0.0,False
BTCUSDT,1754242200000,downtrend,113808.46316000001,0.0,False
BTCUSDT,1754243100000,downtrend,113808.46316000001,0.0,False
BTCUSDT,1754244000000,downtrend,113808.46316000001,0.0,False
BTCUSDT,1754244900000,downtrend,113808.46316000001,0.0,False
BTCUSDT,1754245800000,downtrend,113808.46316000001,0.0,False
BTCUSDT,1754246700000,downtrend,113808.46316000001,0.0,False
BTCUSDT,1754247600000,downtrend,113808.46316000001,0.0,False
BTCUSDT,1754248500000,downtrend,113808.46316000001,0.0,False
BTCUSDT,1754249400000,downtrend,113808.46316000001,0.0,False
BTCUSDT,1754250300000,downtrend,113808.46316000001,0.0,False
BTCUSDT,1754251200000,downtrend,113808.46316000001,0.0,False
BTCUSDT,1754252100000,downtrend,113808.46316000001,0.0,False
BTCUSDT,1754253000000,downtrend,113808.46316000001,0.0,False
BTCUSDT,1754256600000,uptrend,114519.28232,0.0,False
BTCUSDT,1754257500000,uptrend,114519.28232,0.0,False
BTCUSDT,1754258400000,uptrend,114519.28232,0.0,False
BTCUSDT,1754259300000,uptrend,114519.28232,0.0,False
BTCUSDT,1754260200000,uptrend,114519.28232,0.0,False
BTCUSDT,1754261100000,uptrend,114519.28232,0.0,False
BTCUSDT,1754262000000,uptrend,114519.28232,0.0,False
BTCUSDT,1754263800000,downtrend,114307.20488,0.0,False
BTCUSDT,1754264700000,downtrend,114307.20488,0.0,False
BTCUSDT,1754265600000,downtrend,114307.20488,0.0,False
BTCUSDT,1754266500000,downtrend,114307.20488,0.0,False
BTCUSDT,1754267400000,downtrend,114307.20488,0.0,False
BTCUSDT,1754268300000,downtrend,114307.20488,0.0,False
BTCUSDT,1754269200000,downtrend,114307.20488,0.0,False
BTCUSDT,1754273700000,uptrend,114606.4516,0.0,False
BTCUSDT,1754274600000,uptrend,114606.4516,0.0,False
BTCUSDT,1754275500000,uptrend,114606.4516,0.0,False
BTCUSDT,1754276400000,uptrend,114606.4516,0.0,False
BTCUSDT,1754277300000,uptrend,114743.63788,0.0,False
BTCUSDT,1754278200000,uptrend,114743.63788,0.0,False
BTCUSDT,1754279100000,uptrend,114743.63788,0.0,False
BTCUSDT,1754280000000,uptrend,114743.63788,0.0,False
BTCUSDT,1754280900000,uptrend,114743.63788,0.0,False
BTCUSDT,1754281800000,uptrend,114743.63788,0.0,False
BTCUSDT,1754282700000,uptrend,114743.63788,0.0,False
BTCUSDT,1754283600000,uptrend,114743.63788,0.0,False
BTCUSDT,1754284500000,uptrend,114743.63788,0.0,False
BTCUSDT,1754285400000,uptrend,114743.63788,0.0,False
BTCUSDT,1754286300000,uptrend,114743.63788,0.0,False
BTCUSDT,1754287200000,uptrend,114743.63788,0.0,False
BTCUSDT,1754288100000,uptrend,114743.63788,0.0,False
BTCUSDT,1754289000000,uptrend,114743.63788,0.0,False
BTCUSDT,1754289900000,uptrend,114743.63788,0.0,False
BTCUSDT,1754290800000,uptrend,114743.63788,0.0,False
BTCUSDT,1754291700000,uptrend,114743.63788,0.0,False
BTCUSDT,1754298000000,downtrend,114426.37472,0.0,False
BTCUSDT,1754298900000,downtrend,114426.37472,0.0,False
BTCUSDT,1754299800000,downtrend,114426.37472,0.0,False
BTCUSDT,1754300700000,downtrend,114426.37472,0.0,False
BTCUSDT,1754301600000,downtrend,114426.37472,0.0,False
BTCUSDT,1754302500000,downtrend,114426.37472,0.0,False
BTCUSDT,1754303400000,downtrend,114426.37472,0.0,False
BTCUSDT,1754304300000,downtrend,114426.37472,0.0,False
BTCUSDT,1754305200000,downtrend,114426.37472,0.0,False
BTCUSDT,1754306100000,downtrend,114426.37472,0.0,False
BTCUSDT,1754307000000,downtrend,114426.37472,0.0,False
BTCUSDT,1754307900000,downtrend,114426.37472,0.0,False
BTCUSDT,1754308800000,downtrend,114426.37472,0.0,False
BTCUSDT,1754318700000,downtrend,114303.78568,0.0,False
BTCUSDT,1754319600000,downtrend,114303.78568,0.0,False
BTCUSDT,1754325900000,uptrend,115066.59953,0.0,False
BTCUSDT,1754326800000,uptrend,115066.59953,0.0,False
BTCUSDT,1754327700000,uptrend,115066.59953,0.0,False
BTCUSDT,1754328600000,uptrend,115066.59953,0.0,False
BTCUSDT,1754329500000,uptrend,115066.59953,0.0,False
BTCUSDT,1754330400000,uptrend,115066.59953,0.0,False
BTCUSDT,1754331300000,uptrend,115066.59953,0.0,False
BTCUSDT,1754332200000,uptrend,115208.58553000001,0.0,False
BTCUSDT,1754333100000,uptrend,115208.58553000001,0.0,False
BTCUSDT,1754334000000,uptrend,115208.58553000001,0.0,False
BTCUSDT,1754334900000,uptrend,115208.58553000001,0.0,False
BTCUSDT,1754335800000,uptrend,115208.58553000001,0.0,False
BTCUSDT,1754336700000,uptrend,115208.58553000001,0.0,False
BTCUSDT,1754337600000,uptrend,115208.58553000001,0.0,False
BTCUSDT,1754338500000,uptrend,115208.58553000001,0.0,False
BTCUSDT,1754339400000,uptrend,115208.58553000001,0.0,False
BTCUSDT,1754340300000,uptrend,115208.58553000001,0.0,False
BTCUSDT,1754341200000,uptrend,115208.58553000001,0.0,False
BTCUSDT,1754342100000,uptrend,115233.28153000001,0.0,False
BTCUSDT,1754343000000,uptrend,115233.28153000001,0.0,False
BTCUSDT,1754343900000,uptrend,115233.28153000001,0.0,False
BTCUSDT,1754344800000,uptrend,115233.28153000001,0.0,False
BTCUSDT,1754345700000,uptrend,115233.28153000001,0.0,False
BTCUSDT,1754346600000,uptrend,115233.28153000001,0.0,False
BTCUSDT,1754347500000,uptrend,115233.28153000001,0.0,False
BTCUSDT,1754348400000,uptrend,115233.28153000001,0.0,False
BTCUSDT,1754349300000,uptrend,115233.28153000001,0.0,False
BTCUSDT,1754350200000,uptrend,115233.28153000001,0.0,False
BTCUSDT,1754351100000,uptrend,115233.28153000001,0.0,False
BTCUSDT,1754352000000,uptrend,115233.28153000001,0.0,False
BTCUSDT,1754372700000,downtrend,114674.76205,0.0,False
BTCUSDT,1754373600000,downtrend,114674.76205,0.0,False
BTCUSDT,1754374500000,downtrend,114674.76205,0.0,False
BTCUSDT,1754375400000,downtrend,114674.76205,0.0,False
BTCUSDT,1754376300000,downtrend,114674.76205,0.0,False
BTCUSDT,1754377200000,downtrend,114674.76205,0.0,False
BTCUSDT,1754378100000,downtrend,114674.76205,0.0,False
BTCUSDT,1754379000000,downtrend,114304.61311,0.0,False
BTCUSDT,1754379900000,downtrend,114304.61311,0.0,False
BTCUSDT,1754380800000,downtrend,114304.61311,0.0,False
BTCUSDT,1754381700000,downtrend,114304.61311,0.0,False
BTCUSDT,1754382600000,downtrend,114304.61311,0.0,False
BTCUSDT,1754383500000,downtrend,114067.46854,0.0,False
ETHUSDT,1754215200000,uptrend,3455.06949,0.0,False
ETHUSDT,1754216100000,uptrend,3455.06949,0.0,False
ETHUSDT,1754217000000,uptrend,3455.06949,0.0,False
ETHUSDT,1754217900000,uptrend,3455.06949,0.0,False
ETHUSDT,1754218800000,uptrend,3455.06949,0.0,False
ETHUSDT,1754219700000,uptrend,3455.06949,0.0,False
ETHUSDT,1754220600000,uptrend,3455.06949,0.0,False
ETHUSDT,1754221500000,uptrend,3455.06949,0.0,False
ETHUSDT,1754222400000,uptrend,3455.06949,0.0,False
ETHUSDT,1754223300000,uptrend,3481.38721,0.0,False
ETHUSDT,1754224200000,uptrend,3481.38721,0.0,False
ETHUSDT,1754225100000,uptrend,3481.38721,0.0,False
ETHUSDT,1754226000000,uptrend,3481.38721,0.0,False
ETHUSDT,1754226900000,uptrend,3481.38721,0.0,False
ETHUSDT,1754227800000,uptrend,3481.38721,0.0,False
ETHUSDT,1754228700000,uptrend,3481.38721,0.0,False
ETHUSDT,1754253900000,uptrend,3488.2489400000004,0.0,False
ETHUSDT,1754254800000,uptrend,3488.2489400000004,0.0,False
ETHUSDT,1754255700000,uptrend,3488.2489400000004,0.0,False
ETHUSDT,1754256600000,uptrend,3488.2489400000004,0.0,False
ETHUSDT,1754257500000,uptrend,3501.3289999999997,0.0,False
ETHUSDT,1754258400000,uptrend,3501.3289999999997,0.0,False
ETHUSDT,1754259300000,uptrend,3501.3289999999997,0.0,False
ETHUSDT,1754260200000,uptrend,3501.3289999999997,0.0,False
ETHUSDT,1754261100000,uptrend,3501.3289999999997,0.0,False
ETHUSDT,1754262000000,uptrend,3501.3289999999997,0.0,False
ETHUSDT,1754262900000,uptrend,3501.3289999999997,0.0,False
ETHUSDT,1754270100000,uptrend,3504.29693,0.0,False
ETHUSDT,1754271000000,uptrend,3504.29693,0.0,False
ETHUSDT,1754271900000,uptrend,3504.29693,0.0,False
ETHUSDT,1754272800000,uptrend,3504.29693,0.0,False
ETHUSDT,1754273700000,uptrend,3534.1028100000003,0.0,False
ETHUSDT,1754274600000,uptrend,3534.1028100000003,0.0,False
ETHUSDT,1754275500000,uptrend,3534.1028100000003,0.0,False
ETHUSDT,1754276400000,uptrend,3534.1028100000003,0.0,False
ETHUSDT,1754277300000,uptrend,3548.6249399999997,0.0,False
ETHUSDT,1754278200000,uptrend,3548.6249399999997,0.0,False
ETHUSDT,1754279100000,uptrend,3548.6249399999997,0.0,False
ETHUSDT,1754280000000,uptrend,3548.6249399999997,0.0,False
ETHUSDT,1754280900000,uptrend,3552.95719,0.0,False
ETHUSDT,1754281800000,uptrend,3552.95719,0.0,False
ETHUSDT,1754282700000,uptrend,3552.95719,0.0,False
ETHUSDT,1754283600000,uptrend,3552.95719,0.0,False
ETHUSDT,1754284500000,uptrend,3552.95719,0.0,False
ETHUSDT,1754285400000,uptrend,3552.95719,0.0,False
ETHUSDT,1754286300000,uptrend,3552.95719,0.0,False
ETHUSDT,1754287200000,uptrend,3552.95719,0.0,False
ETHUSDT,1754288100000,uptrend,3552.95719,0.0,False
ETHUSDT,1754289000000,uptrend,3552.95719,0.0,False
ETHUSDT,1754289900000,uptrend,3552.95719,0.0,False
ETHUSDT,1754290800000,uptrend,3552.95719,0.0,False
ETHUSDT,1754291700000,uptrend,3552.95719,0.0,False
ETHUSDT,1754292600000,uptrend,3552.95719,0.0,False
ETHUSDT,1754299800000,downtrend,3540.0984099999996,0.0,False
ETHUSDT,1754300700000,downtrend,3540.0984099999996,0.0,False
ETHUSDT,1754301600000,downtrend,3540.0984099999996,0.0,False
ETHUSDT,1754302500000,downtrend,3540.0984099999996,0.0,False
ETHUSDT,1754303400000,downtrend,3540.0984099999996,0.0,False
ETHUSDT,1754304300000,downtrend,3540.0984099999996,0.0,False
ETHUSDT,1754305200000,downtrend,3540.0984099999996,0.0,False
ETHUSDT,1754307000000,uptrend,3561.4737299999997,0.0,False
ETHUSDT,1754307900000,uptrend,3561.4737299999997,0.0,False
ETHUSDT,1754308800000,uptrend,3561.4737299999997,0.0,False
ETHUSDT,1754309700000,uptrend,3561.4737299999997,0.0,False
ETHUSDT,1754310600000,uptrend,3561.4737299999997,0.0,False
ETHUSDT,1754311500000,uptrend,3561.4737299999997,0.0,False
ETHUSDT,1754312400000,uptrend,3561.4737299999997,0.0,False
ETHUSDT,1754313300000,uptrend,3561.4737299999997,0.0,False
ETHUSDT,1754314200000,uptrend,3561.4737299999997,0.0,False
ETHUSDT,1754315100000,uptrend,3561.4737299999997,0.0,False
ETHUSDT,1754316000000,uptrend,3561.4737299999997,0.0,False
ETHUSDT,1754316900000,uptrend,3561.4737299999997,0.0,False
ETHUSDT,1754317800000,uptrend,3561.4737299999997,0.0,False
ETHUSDT,1754318700000,uptrend,3561.4737299999997,0.0,False
ETHUSDT,1754319600000,uptrend,3561.4737299999997,0.0,False
ETHUSDT,1754320500000,uptrend,3561.4737299999997,0.0,False
ETHUSDT,1754321400000,uptrend,3612.4154,0.0,False
ETHUSDT,1754322300000,uptrend,3612.4154,0.0,False
ETHUSDT,1754323200000,uptrend,3612.4154,0.0,False
ETHUSDT,1754324100000,uptrend,3612.4154,0.0,False
ETHUSDT,1754325000000,uptrend,3612.4154,0.0,False
ETHUSDT,1754325900000,uptrend,3612.4154,0.0,False
ETHUSDT,1754326800000,uptrend,3612.4154,0.0,False
ETHUSDT,1754327700000,uptrend,3612.4154,0.0,False
ETHUSDT,1754328600000,uptrend,3612.4154,0.0,False
ETHUSDT,1754329500000,uptrend,3612.4154,0.0,False
ETHUSDT,1754330400000,uptrend,3612.4154,0.0,False
ETHUSDT,1754331300000,uptrend,3642.00886,0.0,False
ETHUSDT,1754332200000,uptrend,3642.00886,0.0,False
ETHUSDT,1754333100000,uptrend,3642.00886,0.0,False
ETHUSDT,1754334000000,uptrend,3642.00886,0.0,False
ETHUSDT,1754334900000,uptrend,3642.00886,0.0,False
ETHUSDT,1754335800000,uptrend,3642.00886,0.0,False
ETHUSDT,1754336700000,uptrend,3642.00886,0.0,False
ETHUSDT,1754337600000,uptrend,3642.00886,0.0,False
ETHUSDT,1754338500000,uptrend,3642.00886,0.0,False
ETHUSDT,1754339400000,uptrend,3642.00886,0.0,False
ETHUSDT,1754340300000,uptrend,3642.00886,0.0,False
ETHUSDT,1754341200000,uptrend,3642.00886,0.0,False
ETHUSDT,1754342100000,uptrend,3693.25747,0.0,False
ETHUSDT,1754343000000,uptrend,3693.25747,0.0,False
ETHUSDT,1754343900000,uptrend,3693.25747,0.0,False
ETHUSDT,1754344800000,uptrend,3693.25747,0.0,False
ETHUSDT,1754345700000,uptrend,3693.25747,0.0,False
ETHUSDT,1754346600000,uptrend,3693.25747,0.0,False
ETHUSDT,1754347500000,uptrend,3693.25747,0.0,False
ETHUSDT,1754348400000,uptrend,3693.25747,0.0,False
ETHUSDT,1754349300000,uptrend,3693.25747,0.0,False
ETHUSDT,1754350200000,uptrend,3693.25747,0.0,False
ETHUSDT,1754351100000,uptrend,3693.25747,0.0,False
ETHUSDT,1754352000000,uptrend,3703.4256800000003,0.0,False
ETHUSDT,1754352900000,uptrend,3703.4256800000003,0.0,False
ETHUSDT,1754353800000,uptrend,3703.4256800000003,0.0,False
ETHUSDT,1754354700000,uptrend,3703.4256800000003,0.0,False
ETHUSDT,1754355600000,uptrend,3703.4256800000003,0.0,False
ETHUSDT,1754356500000,uptrend,3703.4256800000003,0.0,False
ETHUSDT,1754357400000,uptrend,3703.4256800000003,0.0,False
ETHUSDT,1754358300000,uptrend,3703.4256800000003,0.0,False
ETHUSDT,1754359200000,uptrend,3703.4256800000003,0.0,False
ETHUSDT,1754360100000,uptrend,3703.4256800000003,0.0,False
ETHUSDT,1754361000000,uptrend,3703.4256800000003,0.0,False
ETHUSDT,1754361900000,uptrend,3703.4256800000003,0.0,False
ETHUSDT,1754362800000,uptrend,3703.4256800000003,0.0,False
ETHUSDT,1754363700000,uptrend,3703.4256800000003,0.0,False
ETHUSDT,1754364600000,uptrend,3703.4256800000003,0.0,False
ETHUSDT,1754365500000,uptrend,3703.4256800000003,0.0,False
ETHUSDT,1754366400000,uptrend,3703.4256800000003,0.0,False
ETHUSDT,1754367300000,uptrend,3703.4256800000003,0.0,False
ETHUSDT,1754368200000,uptrend,3703.4256800000003,0.0,False
ETHUSDT,1754369100000,uptrend,3703.4256800000003,0.0,False
ETHUSDT,1754370000000,uptrend,3703.4256800000003,0.0,False
ETHUSDT,1754379000000,downtrend,3654.70829,0.0,False
ETHUSDT,1754379900000,downtrend,3654.70829,0.0,False
ETHUSDT,1754380800000,downtrend,3654.70829,0.0,False
ETHUSDT,1754381700000,downtrend,3654.70829,0.0,False
ETHUSDT,1754382600000,downtrend,3654.70829,0.0,False
ETHUSDT,1754383500000,downtrend,3635.99856,0.0,False
XRPUSDT,1754215200000,uptrend,2.8651961000000004,0.0,False
XRPUSDT,1754216100000,uptrend,2.8651961000000004,0.0,False
XRPUSDT,1754217000000,uptrend,2.8651961000000004,0.0,False
XRPUSDT,1754217900000,uptrend,2.8651961000000004,0.0,False
XRPUSDT,1754218800000,uptrend,2.8651961000000004,0.0,False
XRPUSDT,1754219700000,uptrend,2.8651961000000004,0.0,False
XRPUSDT,1754220600000,uptrend,2.8651961000000004,0.0,False
XRPUSDT,1754221500000,uptrend,2.8651961000000004,0.0,False
XRPUSDT,1754222400000,uptrend,2.8651961000000004,0.0,False
XRPUSDT,1754223300000,uptrend,2.8744196000000004,0.0,False
XRPUSDT,1754244900000,uptrend,2.8990418,0.0,False
XRPUSDT,1754245800000,uptrend,2.8990418,0.0,False
XRPUSDT,1754246700000,uptrend,2.8990418,0.0,False
XRPUSDT,1754247600000,uptrend,2.8990418,0.0,False
XRPUSDT,1754248500000,uptrend,2.8990418,0.0,False
XRPUSDT,1754249400000,uptrend,2.8990418,0.0,False
XRPUSDT,1754250300000,uptrend,2.9145209,0.0,False
XRPUSDT,1754251200000,uptrend,2.9145209,0.0,False
XRPUSDT,1754252100000,uptrend,2.9145209,0.0,False
XRPUSDT,1754253000000,uptrend,2.9145209,0.0,False
XRPUSDT,1754273700000,uptrend,2.9740023000000004,0.0,False
XRPUSDT,1754274600000,uptrend,2.9740023000000004,0.0,False
XRPUSDT,1754275500000,uptrend,2.9740023000000004,0.0,False
XRPUSDT,1754276400000,uptrend,2.9740023000000004,0.0,False
XRPUSDT,1754277300000,uptrend,3.010032,0.0,False
XRPUSDT,1754289900000,downtrend,2.9882823,0.0,False
XRPUSDT,1754290800000,downtrend,2.9882823,0.0,False
XRPUSDT,1754291700000,downtrend,2.9882823,0.0,False
XRPUSDT,1754292600000,downtrend,2.9882823,0.0,False
XRPUSDT,1754293500000,downtrend,2.9882823,0.0,False
XRPUSDT,1754294400000,downtrend,2.9882823,0.0,False
XRPUSDT,1754295300000,downtrend,2.9882823,0.0,False
XRPUSDT,1754296200000,downtrend,2.9882823,0.0,False
XRPUSDT,1754297100000,downtrend,2.9882823,0.0,False
XRPUSDT,1754298000000,downtrend,2.9882823,0.0,False
XRPUSDT,1754298900000,downtrend,2.9882823,0.0,False
XRPUSDT,1754310600000,uptrend,3.0031966,0.0,False
XRPUSDT,1754311500000,uptrend,3.0031966,0.0,False
XRPUSDT,1754312400000,uptrend,3.0031966,0.0,False
XRPUSDT,1754313300000,uptrend,3.0031966,0.0,False
XRPUSDT,1754314200000,uptrend,3.0031966,0.0,False
XRPUSDT,1754315100000,uptrend,3.0031966,0.0,False
XRPUSDT,1754316000000,uptrend,3.0031966,0.0,False
XRPUSDT,1754316900000,uptrend,3.0031966,0.0,False
XRPUSDT,1754317800000,uptrend,3.0031966,0.0,False
XRPUSDT,1754318700000,uptrend,3.0031966,0.0,False
XRPUSDT,1754319600000,uptrend,3.0031966,0.0,False
XRPUSDT,1754320500000,uptrend,3.0351714000000003,0.0,False
XRPUSDT,1754321400000,uptrend,3.0351714000000003,0.0,False
XRPUSDT,1754322300000,uptrend,3.0351714000000003,0.0,False
XRPUSDT,1754323200000,uptrend,3.0351714000000003,0.0,False
XRPUSDT,1754324100000,uptrend,3.0351714000000003,0.0,False
XRPUSDT,1754325000000,uptrend,3.0351714000000003,0.0,False
XRPUSDT,1754325900000,uptrend,3.0351714000000003,0.0,False
XRPUSDT,1754326800000,uptrend,3.0533406000000003,0.0,False
XRPUSDT,1754327700000,uptrend,3.0533406000000003,0.0,False
XRPUSDT,1754328600000,uptrend,3.0533406000000003,0.0,False
XRPUSDT,1754329500000,uptrend,3.0533406000000003,0.0,False
XRPUSDT,1754330400000,uptrend,3.0533406000000003,0.0,False
XRPUSDT,1754331300000,uptrend,3.0533406000000003,0.0,False
XRPUSDT,1754332200000,uptrend,3.058148,0.0,False
XRPUSDT,1754333100000,uptrend,3.058148,0.0,False
XRPUSDT,1754334000000,uptrend,3.058148,0.0,False
XRPUSDT,1754334900000,uptrend,3.058148,0.0,False
XRPUSDT,1754335800000,uptrend,3.058148,0.0,False
XRPUSDT,1754336700000,uptrend,3.058148,0.0,False
XRPUSDT,1754337600000,uptrend,3.058148,0.0,False
XRPUSDT,1754338500000,uptrend,3.058148,0.0,False
XRPUSDT,1754339400000,uptrend,3.058148,0.0,False
XRPUSDT,1754340300000,uptrend,3.0666593000000004,0.0,False
XRPUSDT,1754341200000,uptrend,3.0666593000000004,0.0,False
XRPUSDT,1754342100000,uptrend,3.0666593000000004,0.0,False
XRPUSDT,1754343000000,uptrend,3.0666593000000004,0.0,False
XRPUSDT,1754343900000,uptrend,3.0666593000000004,0.0,False
XRPUSDT,1754344800000,uptrend,3.0666593000000004,0.0,False
XRPUSDT,1754345700000,uptrend,3.0666593000000004,0.0,False
XRPUSDT,1754346600000,uptrend,3.0666593000000004,0.0,False
XRPUSDT,1754347500000,uptrend,3.0666593000000004,0.0,False
XRPUSDT,1754348400000,uptrend,3.0666593000000004,0.0,False
XRPUSDT,1754349300000,uptrend,3.0666593000000004,0.0,False
XRPUSDT,1754350200000,uptrend,3.0666593000000004,0.0,False
XRPUSDT,1754351100000,uptrend,3.0666593000000004,0.0,False
XRPUSDT,1754360100000,uptrend,3.0849295000000003,0.0,False
XRPUSDT,1754361000000,uptrend,3.0849295000000003,0.0,False
XRPUSDT,1754361900000,uptrend,3.0849295000000003,0.0,False
XRPUSDT,1754362800000,uptrend,3.0849295000000003,0.0,False
XRPUSDT,1754363700000,uptrend,3.0849295000000003,0.0,False
XRPUSDT,1754364600000,uptrend,3.0849295000000003,0.0,False
XRPUSDT,1754365500000,uptrend,3.0849295000000003,0.0,False
XRPUSDT,1754366400000,uptrend,3.0849295000000003,0.0,False
XRPUSDT,1754367300000,uptrend,3.0849295000000003,0.0,False
XRPUSDT,1754368200000,uptrend,3.0849295000000003,0.0,False
XRPUSDT,1754369100000,uptrend,3.0849295000000003,0.0,False
XRPUSDT,1754370000000,uptrend,3.0849295000000003,0.0,False
XRPUSDT,1754370900000,uptrend,3.0849295000000003,0.0,False
XRPUSDT,1754371800000,uptrend,3.0849295000000003,0.0,False
XRPUSDT,1754379000000,downtrend,3.0384772,0.0,False
XRPUSDT,1754379900000,downtrend,3.0384772,0.0,False
XRPUSDT,1754380800000,downtrend,3.0384772,0.0,False
XRPUSDT,1754381700000,downtrend,3.0384772,0.0,False
XRPUSDT,1754382600000,downtrend,3.0384772,0.0,False
XRPUSDT,1754383500000,downtrend,3.021819,0.0,False
BNBUSDT,1754215200000,uptrend,745.75256,0.0,False
BNBUSDT,1754216100000,uptrend,745.75256,0.0,False
BNBUSDT,1754217000000,uptrend,745.75256,0.0,False
BNBUSDT,1754217900000,uptrend,747.9752,0.0,False
BNBUSDT,1754227800000,uptrend,750.60095,0.0,False
BNBUSDT,1754228700000,uptrend,750.60095,0.0,False
BNBUSDT,1754229600000,uptrend,750.60095,0.0,False
BNBUSDT,1754230500000,uptrend,750.60095,0.0,False
BNBUSDT,1754231400000,uptrend,750.60095,0.0,False
BNBUSDT,1754239500000,downtrend,748.1101600000001,0.0,False
BNBUSDT,1754240400000,downtrend,748.1101600000001,0.0,False
BNBUSDT,1754241300000,downtrend,748.1101600000001,0.0,False
BNBUSDT,1754242200000,downtrend,748.1101600000001,0.0,False
BNBUSDT,1754243100000,downtrend,748.1101600000001,0.0,False
BNBUSDT,1754244000000,downtrend,748.1101600000001,0.0,False
BNBUSDT,1754250300000,uptrend,751.1211000000001,0.0,False
BNBUSDT,1754251200000,uptrend,751.1211000000001,0.0,False
BNBUSDT,1754252100000,uptrend,751.1211000000001,0.0,False
BNBUSDT,1754253000000,uptrend,751.1211000000001,0.0,False
BNBUSDT,1754253900000,uptrend,752.87077,0.0,False
BNBUSDT,1754254800000,uptrend,752.87077,0.0,False
BNBUSDT,1754255700000,uptrend,752.87077,0.0,False
BNBUSDT,1754256600000,uptrend,752.87077,0.0,False
BNBUSDT,1754257500000,uptrend,753.2544399999999,0.0,False
BNBUSDT,1754258400000,uptrend,753.2544399999999,0.0,False
BNBUSDT,1754259300000,uptrend,753.2544399999999,0.0,False
BNBUSDT,1754260200000,uptrend,753.2544399999999,0.0,False
BNBUSDT,1754261100000,uptrend,753.2544399999999,0.0,False
BNBUSDT,1754262000000,uptrend,753.2544399999999,0.0,False
BNBUSDT,1754262900000,uptrend,753.2544399999999,0.0,False
BNBUSDT,1754263800000,uptrend,753.2544399999999,0.0,False
BNBUSDT,1754264700000,uptrend,753.2544399999999,0.0,False
BNBUSDT,1754265600000,uptrend,753.2544399999999,0.0,False
BNBUSDT,1754266500000,uptrend,753.2544399999999,0.0,False
BNBUSDT,1754267400000,uptrend,753.2544399999999,0.0,False
BNBUSDT,1754268300000,uptrend,753.2544399999999,0.0,False
BNBUSDT,1754269200000,uptrend,753.2544399999999,0.0,False
BNBUSDT,1754270100000,uptrend,753.29854,0.0,False
BNBUSDT,1754271000000,uptrend,753.29854,0.0,False
BNBUSDT,1754271900000,uptrend,753.29854,0.0,False
BNBUSDT,1754272800000,uptrend,755.24386,0.0,False
BNBUSDT,1754273700000,uptrend,755.24386,0.0,False
BNBUSDT,1754274600000,uptrend,755.24386,0.0,False
BNBUSDT,1754275500000,uptrend,755.24386,0.0,False
BNBUSDT,1754276400000,uptrend,755.24386,0.0,False
BNBUSDT,1754277300000,uptrend,755.24386,0.0,False
BNBUSDT,1754278200000,uptrend,755.9803300000001,0.0,False
BNBUSDT,1754279100000,uptrend,755.9803300000001,0.0,False
BNBUSDT,1754280000000,uptrend,755.9803300000001,0.0,False
BNBUSDT,1754289900000,downtrend,754.1727000000001,0.0,False
BNBUSDT,1754290800000,downtrend,754.1727000000001,0.0,False
BNBUSDT,1754291700000,downtrend,754.1727000000001,0.0,False
BNBUSDT,1754292600000,downtrend,754.1727000000001,0.0,False
BNBUSDT,1754293500000,downtrend,754.1727000000001,0.0,False
BNBUSDT,1754294400000,downtrend,754.1727000000001,0.0,False
BNBUSDT,1754295300000,downtrend,754.1727000000001,0.0,False
BNBUSDT,1754296200000,downtrend,754.1727000000001,0.0,False
BNBUSDT,1754297100000,downtrend,754.1727000000001,0.0,False
BNBUSDT,1754298000000,downtrend,754.1727000000001,0.0,False
BNBUSDT,1754298900000,downtrend,754.1727000000001,0.0,False
BNBUSDT,1754299800000,downtrend,754.1727000000001,0.0,False
BNBUSDT,1754300700000,downtrend,754.1727000000001,0.0,False
BNBUSDT,1754301600000,downtrend,754.1727000000001,0.0,False
BNBUSDT,1754302500000,downtrend,754.1727000000001,0.0,False
BNBUSDT,1754303400000,downtrend,754.1727000000001,0.0,False
BNBUSDT,1754311500000,uptrend,757.7804000000001,0.0,False
BNBUSDT,1754312400000,uptrend,757.7804000000001,0.0,False
BNBUSDT,1754313300000,uptrend,757.7804000000001,0.0,False
BNBUSDT,1754314200000,uptrend,757.7804000000001,0.0,False
BNBUSDT,1754315100000,uptrend,757.7804000000001,0.0,False
BNBUSDT,1754316000000,uptrend,757.7804000000001,0.0,False
BNBUSDT,1754316900000,uptrend,757.7804000000001,0.0,False
BNBUSDT,1754317800000,uptrend,757.7804000000001,0.0,False
BNBUSDT,1754318700000,uptrend,757.7804000000001,0.0,False
BNBUSDT,1754319600000,uptrend,757.7804000000001,0.0,False
BNBUSDT,1754320500000,uptrend,757.7804000000001,0.0,False
BNBUSDT,1754321400000,uptrend,760.90521,0.0,False
BNBUSDT,1754322300000,uptrend,760.90521,0.0,False
BNBUSDT,1754323200000,uptrend,760.90521,0.0,False
BNBUSDT,1754324100000,uptrend,760.90521,0.0,False
BNBUSDT,1754325000000,uptrend,760.90521,0.0,False
BNBUSDT,1754325900000,uptrend,760.90521,0.0,False
BNBUSDT,1754326800000,uptrend,762.54573,0.0,False
BNBUSDT,1754327700000,uptrend,762.54573,0.0,False
BNBUSDT,1754328600000,uptrend,762.54573,0.0,False
BNBUSDT,1754329500000,uptrend,762.54573,0.0,False
BNBUSDT,1754330400000,uptrend,762.54573,0.0,False
BNBUSDT,1754331300000,uptrend,762.54573,0.0,False
BNBUSDT,1754332200000,uptrend,764.70347,0.0,False
BNBUSDT,1754333100000,uptrend,764.70347,0.0,False
BNBUSDT,1754334000000,uptrend,764.70347,0.0,False
BNBUSDT,1754334900000,uptrend,764.70347,0.0,False
BNBUSDT,1754335800000,uptrend,764.70347,0.0,False
BNBUSDT,1754336700000,uptrend,764.70347,0.0,False
BNBUSDT,1754337600000,uptrend,764.70347,0.0,False
BNBUSDT,1754338500000,uptrend,764.70347,0.0,False
BNBUSDT,1754339400000,uptrend,764.70347,0.0,False
BNBUSDT,1754340300000,uptrend,765.4223,0.0,False
BNBUSDT,1754341200000,uptrend,765.4223,0.0,False
BNBUSDT,1754342100000,uptrend,765.4223,0.0,False
BNBUSDT,1754343000000,uptrend,765.4223,0.0,False
BNBUSDT,1754343900000,uptrend,765.4223,0.0,False
BNBUSDT,1754344800000,uptrend,765.4223,0.0,False
BNBUSDT,1754345700000,uptrend,765.4223,0.0,False
BNBUSDT,1754355600000,uptrend,767.87879,0.0,False
BNBUSDT,1754356500000,uptrend,767.87879,0.0,False
BNBUSDT,1754357400000,uptrend,767.87879,0.0,False
BNBUSDT,1754358300000,uptrend,767.87879,0.0,False
BNBUSDT,1754359200000,uptrend,767.87879,0.0,False
BNBUSDT,1754360100000,uptrend,767.87879,0.0,False
BNBUSDT,1754361000000,uptrend,767.87879,0.0,False
BNBUSDT,1754361900000,uptrend,767.87879,0.0,False
BNBUSDT,1754367300000,downtrend,764.61375,0.0,False
BNBUSDT,1754368200000,downtrend,764.61375,0.0,False
BNBUSDT,1754369100000,downtrend,764.61375,0.0,False
BNBUSDT,1754370000000,downtrend,764.61375,0.0,False
BNBUSDT,1754370900000,downtrend,762.95911,0.0,False
BNBUSDT,1754371800000,downtrend,762.95911,0.0,False
BNBUSDT,1754372700000,downtrend,762.95911,0.0,False
BNBUSDT,1754373600000,downtrend,762.95911,0.0,False
BNBUSDT,1754374500000,downtrend,762.95911,0.0,False
BNBUSDT,1754375400000,downtrend,762.95911,0.0,False
BNBUSDT,1754376300000,downtrend,762.95911,0.0,False
BNBUSDT,1754377200000,downtrend,762.95911,0.0,False
BNBUSDT,1754378100000,downtrend,762.95911,0.0,False
BNBUSDT,1754379000000,downtrend,762.95911,0.0,False
SOLUSDT,1754217000000,uptrend,161.28931,0.0,False
SOLUSDT,1754217900000,uptrend,161.28931,0.0,False
SOLUSDT,1754218800000,uptrend,161.28931,0.0,False
SOLUSDT,1754219700000,uptrend,161.28931,0.0,False
SOLUSDT,1754220600000,uptrend,161.28931,0.0,False
SOLUSDT,1754221500000,uptrend,161.28931,0.0,False
SOLUSDT,1754222400000,uptrend,161.28931,0.0,False
SOLUSDT,1754223300000,uptrend,161.92098000000001,0.0,False
SOLUSDT,1754235900000,downtrend,161.24318,0.0,False
SOLUSDT,1754236800000,downtrend,161.24318,0.0,False
SOLUSDT,1754237700000,downtrend,161.24318,0.0,False
SOLUSDT,1754238600000,downtrend,161.24318,0.0,False
SOLUSDT,1754239500000,downtrend,161.24318,0.0,False
SOLUSDT,1754240400000,downtrend,161.24318,0.0,False
SOLUSDT,1754241300000,downtrend,161.24318,0.0,False
SOLUSDT,1754242200000,downtrend,161.24318,0.0,False
SOLUSDT,1754243100000,downtrend,161.24318,0.0,False
SOLUSDT,1754244000000,downtrend,161.24318,0.0,False
SOLUSDT,1754250300000,uptrend,162.11055,0.0,False
SOLUSDT,1754251200000,uptrend,162.11055,0.0,False
SOLUSDT,1754252100000,uptrend,162.11055,0.0,False
SOLUSDT,1754253000000,uptrend,162.11055,0.0,False
SOLUSDT,1754255700000,downtrend,161.59672,0.0,False
SOLUSDT,1754256600000,downtrend,161.59672,0.0,False
SOLUSDT,1754257500000,downtrend,161.59672,0.0,False
SOLUSDT,1754258400000,downtrend,161.59672,0.0,False
SOLUSDT,1754259300000,downtrend,161.59672,0.0,False
SOLUSDT,1754260200000,downtrend,161.59672,0.0,False
SOLUSDT,1754261100000,downtrend,161.59672,0.0,False
SOLUSDT,1754262000000,downtrend,161.59672,0.0,False
SOLUSDT,1754262900000,downtrend,161.59672,0.0,False
SOLUSDT,1754273700000,uptrend,163.41003999999998,0.0,False
SOLUSDT,1754274600000,uptrend,163.41003999999998,0.0,False
SOLUSDT,1754275500000,uptrend,163.41003999999998,0.0,False
SOLUSDT,1754276400000,uptrend,163.41003999999998,0.0,False
SOLUSDT,1754277300000,uptrend,163.93923999999998,0.0,False
SOLUSDT,1754278200000,uptrend,163.93923999999998,0.0,False
SOLUSDT,1754279100000,uptrend,163.93923999999998,0.0,False
SOLUSDT,1754280000000,uptrend,163.93923999999998,0.0,False
SOLUSDT,1754292600000,downtrend,162.64033,0.0,False
SOLUSDT,1754293500000,downtrend,162.64033,0.0,False
SOLUSDT,1754294400000,downtrend,162.64033,0.0,False
SOLUSDT,1754295300000,downtrend,162.64033,0.0,False
SOLUSDT,1754296200000,downtrend,162.64033,0.0,False
SOLUSDT,1754297100000,downtrend,162.64033,0.0,False
SOLUSDT,1754298000000,downtrend,162.64033,0.0,False
SOLUSDT,1754298900000,downtrend,162.64033,0.0,False
SOLUSDT,1754299800000,downtrend,162.64033,0.0,False
SOLUSDT,1754300700000,downtrend,162.64033,0.0,False
SOLUSDT,1754301600000,downtrend,162.64033,0.0,False
SOLUSDT,1754302500000,downtrend,162.50362,0.0,False
SOLUSDT,1754303400000,downtrend,162.50362,0.0,False
SOLUSDT,1754304300000,downtrend,162.50362,0.0,False
SOLUSDT,1754305200000,downtrend,162.50362,0.0,False
SOLUSDT,1754306100000,downtrend,162.50362,0.0,False
SOLUSDT,1754307000000,downtrend,162.50362,0.0,False
SOLUSDT,1754307900000,downtrend,162.50362,0.0,False
SOLUSDT,1754308800000,downtrend,162.50362,0.0,False
SOLUSDT,1754309700000,downtrend,162.50362,0.0,False
SOLUSDT,1754320500000,uptrend,164.58593,0.0,False
SOLUSDT,1754321400000,uptrend,164.58593,0.0,False
SOLUSDT,1754322300000,uptrend,164.58593,0.0,False
SOLUSDT,1754323200000,uptrend,164.58593,0.0,False
SOLUSDT,1754324100000,uptrend,164.58593,0.0,False
SOLUSDT,1754325000000,uptrend,164.58593,0.0,False
SOLUSDT,1754325900000,uptrend,164.58593,0.0,False
SOLUSDT,1754326800000,uptrend,164.58593,0.0,False
SOLUSDT,1754327700000,uptrend,164.58593,0.0,False
SOLUSDT,1754328600000,uptrend,164.58593,0.0,False
SOLUSDT,1754329500000,uptrend,164.58593,0.0,False
SOLUSDT,1754330400000,uptrend,164.58593,0.0,False
SOLUSDT,1754331300000,uptrend,166.20144,0.0,False
SOLUSDT,1754360100000,uptrend,169.36142,0.0,False
SOLUSDT,1754361000000,uptrend,169.36142,0.0,False
SOLUSDT,1754361900000,uptrend,169.36142,0.0,False
SOLUSDT,1754362800000,uptrend,169.36142,0.0,False
SOLUSDT,1754363700000,uptrend,169.36142,0.0,False
SOLUSDT,1754364600000,uptrend,169.36142,0.0,False
SOLUSDT,1754365500000,uptrend,169.36142,0.0,False
SOLUSDT,1754373600000,downtrend,168.22224999999997,0.0,False
SOLUSDT,1754374500000,downtrend,168.22224999999997,0.0,False
SOLUSDT,1754375400000,downtrend,168.22224999999997,0.0,False
SOLUSDT,1754376300000,downtrend,168.22224999999997,0.0,False
SOLUSDT,1754377200000,downtrend,168.22224999999997,0.0,False
SOLUSDT,1754378100000,downtrend,168.22224999999997,0.0,False
SOLUSDT,1754379000000,downtrend,168.13405,0.0,False
SOLUSDT,1754379900000,downtrend,168.13405,0.0,False
SOLUSDT,1754380800000,downtrend,168.13405,0.0,False
SOLUSDT,1754381700000,downtrend,168.13405,0.0,False
SOLUSDT,1754382600000,downtrend,168.13405,0.0,False
SOLUSDT,1754383500000,downtrend,168.13405,0.0,False
TRXUSDT,1754215200000,uptrend,0.325295,0.0,False
TRXUSDT,1754216100000,uptrend,0.325295,0.0,False
TRXUSDT,1754217000000,uptrend,0.325295,0.0,False
TRXUSDT,1754217900000,uptrend,0.325295,0.0,False
TRXUSDT,1754218800000,uptrend,0.325295,0.0,False
TRXUSDT,1754245800000,uptrend,0.3250006,0.0,False
TRXUSDT,1754246700000,uptrend,0.3260149,0.0,False
TRXUSDT,1754256600000,uptrend,0.32619129999999996,0.0,False
TRXUSDT,1754257500000,uptrend,0.32619129999999996,0.0,False
TRXUSDT,1754258400000,uptrend,0.32619129999999996,0.0,False
TRXUSDT,1754259300000,uptrend,0.32619129999999996,0.0,False
TRXUSDT,1754260200000,uptrend,0.3266944,0.0,False
TRXUSDT,1754261100000,uptrend,0.3266944,0.0,False
TRXUSDT,1754262000000,uptrend,0.3266944,0.0,False
TRXUSDT,1754262900000,uptrend,0.3266944,0.0,False
TRXUSDT,1754263800000,uptrend,0.3266944,0.0,False
TRXUSDT,1754264700000,uptrend,0.3270031,0.0,False
TRXUSDT,1754265600000,uptrend,0.3270031,0.0,False
TRXUSDT,1754266500000,uptrend,0.3270031,0.0,False
TRXUSDT,1754267400000,uptrend,0.3270031,0.0,False
TRXUSDT,1754268300000,uptrend,0.3270031,0.0,False
TRXUSDT,1754269200000,uptrend,0.3270031,0.0,False
TRXUSDT,1754270100000,uptrend,0.3270031,0.0,False
TRXUSDT,1754271000000,uptrend,0.3270031,0.0,False
TRXUSDT,1754271900000,uptrend,0.3274503,0.0,False
TRXUSDT,1754327700000,uptrend,0.33115649999999996,0.0,False
TRXUSDT,1754328600000,uptrend,0.33115649999999996,0.0,False
TRXUSDT,1754329500000,uptrend,0.33115649999999996,0.0,False
TRXUSDT,1754330400000,uptrend,0.3322149,0.0,False
TRXUSDT,1754331300000,uptrend,0.3322149,0.0,False
TRXUSDT,1754371800000,uptrend,0.3343621,0.0,False
TRXUSDT,1754372700000,uptrend,0.3343621,0.0,False
TRXUSDT,1754373600000,uptrend,0.3343621,0.0,False
TRXUSDT,1754374500000,uptrend,0.3343621,0.0,False
TRXUSDT,1754375400000,uptrend,0.3343621,0.0,False
TRXUSDT,1754376300000,uptrend,0.3343621,0.0,False
TRXUSDT,1754377200000,uptrend,0.3343621,0.0,False
TRXUSDT,1754378100000,uptrend,0.3343621,0.0,False
TRXUSDT,1754379000000,uptrend,0.3343621,0.0,False
DOGEUSDT,1754215200000,uptrend,0.19636496,0.0,False
DOGEUSDT,1754216100000,uptrend,0.19636496,0.0,False
DOGEUSDT,1754217000000,uptrend,0.19636496,0.0,False
DOGEUSDT,1754217900000,uptrend,0.19636496,0.0,False
DOGEUSDT,1754218800000,uptrend,0.19636496,0.0,False
DOGEUSDT,1754219700000,uptrend,0.19636496,0.0,False
DOGEUSDT,1754220600000,uptrend,0.19636496,0.0,False
DOGEUSDT,1754221500000,uptrend,0.19636496,0.0,False
DOGEUSDT,1754222400000,uptrend,0.19636496,0.0,False
DOGEUSDT,1754223300000,uptrend,0.19776246000000003,0.0,False
DOGEUSDT,1754224200000,uptrend,0.19776246000000003,0.0,False
DOGEUSDT,1754225100000,uptrend,0.19776246000000003,0.0,False
DOGEUSDT,1754226000000,uptrend,0.19776246000000003,0.0,False
DOGEUSDT,1754226900000,uptrend,0.19848129,0.0,False
DOGEUSDT,1754227800000,uptrend,0.19848129,0.0,False
DOGEUSDT,1754228700000,uptrend,0.19848129,0.0,False
DOGEUSDT,1754229600000,uptrend,0.19848129,0.0,False
DOGEUSDT,1754235900000,downtrend,0.19789014,0.0,False
DOGEUSDT,1754236800000,downtrend,0.19789014,0.0,False
DOGEUSDT,1754237700000,downtrend,0.19789014,0.0,False
DOGEUSDT,1754238600000,downtrend,0.19789014,0.0,False
DOGEUSDT,1754239500000,downtrend,0.19789014,0.0,False
DOGEUSDT,1754240400000,downtrend,0.19789014,0.0,False
DOGEUSDT,1754241300000,downtrend,0.19789014,0.0,False
DOGEUSDT,1754242200000,downtrend,0.19789014,0.0,False
DOGEUSDT,1754243100000,downtrend,0.19789014,0.0,False
DOGEUSDT,1754244000000,downtrend,0.19789014,0.0,False
DOGEUSDT,1754250300000,uptrend,0.19942296999999998,0.0,False
DOGEUSDT,1754251200000,uptrend,0.19942296999999998,0.0,False
DOGEUSDT,1754252100000,uptrend,0.19942296999999998,0.0,False
DOGEUSDT,1754253000000,uptrend,0.19942296999999998,0.0,False
DOGEUSDT,1754257500000,downtrend,0.19891846,0.0,False
DOGEUSDT,1754258400000,downtrend,0.19891846,0.0,False
DOGEUSDT,1754259300000,downtrend,0.19891846,0.0,False
DOGEUSDT,1754260200000,downtrend,0.19891846,0.0,False
DOGEUSDT,1754261100000,downtrend,0.19891846,0.0,False
DOGEUSDT,1754262000000,downtrend,0.19891846,0.0,False
DOGEUSDT,1754262900000,downtrend,0.19891846,0.0,False
DOGEUSDT,1754263800000,downtrend,0.19887933,0.0,False
DOGEUSDT,1754264700000,downtrend,0.19887933,0.0,False
DOGEUSDT,1754265600000,downtrend,0.19887933,0.0,False
DOGEUSDT,1754266500000,downtrend,0.19887933,0.0,False
DOGEUSDT,1754267400000,downtrend,0.19887933,0.0,False
DOGEUSDT,1754268300000,downtrend,0.19887933,0.0,False
DOGEUSDT,1754269200000,downtrend,0.19887933,0.0,False
DOGEUSDT,1754272800000,uptrend,0.20099873000000001,0.0,False
DOGEUSDT,1754273700000,uptrend,0.20099873000000001,0.0,False
DOGEUSDT,1754274600000,uptrend,0.20099873000000001,0.0,False
DOGEUSDT,1754275500000,uptrend,0.20099873000000001,0.0,False
DOGEUSDT,1754276400000,uptrend,0.20099873000000001,0.0,False
DOGEUSDT,1754277300000,uptrend,0.20162936,0.0,False
DOGEUSDT,1754278200000,uptrend,0.20162936,0.0,False
DOGEUSDT,1754279100000,uptrend,0.20162936,0.0,False
DOGEUSDT,1754280000000,uptrend,0.20162936,0.0,False
DOGEUSDT,1754290800000,downtrend,0.20103853,0.0,False
DOGEUSDT,1754291700000,downtrend,0.20103853,0.0,False
DOGEUSDT,1754292600000,downtrend,0.20103853,0.0,False
DOGEUSDT,1754293500000,downtrend,0.20103853,0.0,False
DOGEUSDT,1754294400000,downtrend,0.20103853,0.0,False
DOGEUSDT,1754295300000,downtrend,0.20103853,0.0,False
DOGEUSDT,1754296200000,downtrend,0.20103853,0.0,False
DOGEUSDT,1754297100000,downtrend,0.20103853,0.0,False
DOGEUSDT,1754298000000,downtrend,0.20103853,0.0,False
DOGEUSDT,1754298900000,downtrend,0.20103853,0.0,False
DOGEUSDT,1754310600000,uptrend,0.20238420000000001,0.0,False
DOGEUSDT,1754311500000,uptrend,0.20238420000000001,0.0,False
DOGEUSDT,1754312400000,uptrend,0.20238420000000001,0.0,False
DOGEUSDT,1754313300000,uptrend,0.20238420000000001,0.0,False
DOGEUSDT,1754314200000,uptrend,0.20238420000000001,0.0,False
DOGEUSDT,1754315100000,uptrend,0.20238420000000001,0.0,False
DOGEUSDT,1754316000000,uptrend,0.20238420000000001,0.0,False
DOGEUSDT,1754316900000,uptrend,0.20238420000000001,0.0,False
DOGEUSDT,1754317800000,uptrend,0.20238420000000001,0.0,False
DOGEUSDT,1754318700000,uptrend,0.20238420000000001,0.0,False
DOGEUSDT,1754319600000,uptrend,0.20238420000000001,0.0,False
DOGEUSDT,1754320500000,uptrend,0.20238420000000001,0.0,False
DOGEUSDT,1754321400000,uptrend,0.20363077,0.0,False
DOGEUSDT,1754322300000,uptrend,0.20363077,0.0,False
DOGEUSDT,1754323200000,uptrend,0.20363077,0.0,False
DOGEUSDT,1754324100000,uptrend,0.20363077,0.0,False
DOGEUSDT,1754325000000,uptrend,0.20363077,0.0,False
DOGEUSDT,1754325900000,uptrend,0.20363077,0.0,False
DOGEUSDT,1754326800000,uptrend,0.20485234000000002,0.0,False
DOGEUSDT,1754327700000,uptrend,0.20485234000000002,0.0,False
DOGEUSDT,1754328600000,uptrend,0.20485234000000002,0.0,False
DOGEUSDT,1754329500000,uptrend,0.20485234000000002,0.0,False
DOGEUSDT,1754330400000,uptrend,0.20485234000000002,0.0,False
DOGEUSDT,1754331300000,uptrend,0.20485234000000002,0.0,False
DOGEUSDT,1754332200000,uptrend,0.20682561,0.0,False
DOGEUSDT,1754333100000,uptrend,0.20682561,0.0,False
DOGEUSDT,1754334000000,uptrend,0.20682561,0.0,False
DOGEUSDT,1754334900000,uptrend,0.20682561,0.0,False
DOGEUSDT,1754335800000,uptrend,0.20682561,0.0,False
DOGEUSDT,1754336700000,uptrend,0.20682561,0.0,False
DOGEUSDT,1754337600000,uptrend,0.20682561,0.0,False
DOGEUSDT,1754338500000,uptrend,0.20682561,0.0,False
DOGEUSDT,1754339400000,uptrend,0.20682561,0.0,False
DOGEUSDT,1754340300000,uptrend,0.20727543,0.0,False
DOGEUSDT,1754341200000,uptrend,0.20727543,0.0,False
DOGEUSDT,1754342100000,uptrend,0.20727543,0.0,False
DOGEUSDT,1754343000000,uptrend,0.20727543,0.0,False
DOGEUSDT,1754343900000,uptrend,0.20727543,0.0,False
DOGEUSDT,1754344800000,uptrend,0.20727543,0.0,False
DOGEUSDT,1754345700000,uptrend,0.20727543,0.0,False
DOGEUSDT,1754346600000,uptrend,0.20727543,0.0,False
DOGEUSDT,1754347500000,uptrend,0.20727543,0.0,False
DOGEUSDT,1754348400000,uptrend,0.20727543,0.0,False
DOGEUSDT,1754349300000,uptrend,0.20727543,0.0,False
DOGEUSDT,1754350200000,uptrend,0.20727543,0.0,False
DOGEUSDT,1754351100000,uptrend,0.20727543,0.0,False
DOGEUSDT,1754352000000,uptrend,0.20727543,0.0,False
DOGEUSDT,1754352900000,uptrend,0.20808598,0.0,False
DOGEUSDT,1754353800000,uptrend,0.20808598,0.0,False
DOGEUSDT,1754354700000,uptrend,0.20808598,0.0,False
DOGEUSDT,1754355600000,uptrend,0.20808598,0.0,False
DOGEUSDT,1754356500000,uptrend,0.20808598,0.0,False
DOGEUSDT,1754357400000,uptrend,0.20808598,0.0,False
DOGEUSDT,1754358300000,uptrend,0.20808598,0.0,False
DOGEUSDT,1754359200000,uptrend,0.20808598,0.0,False
DOGEUSDT,1754360100000,uptrend,0.20808598,0.0,False
DOGEUSDT,1754361000000,uptrend,0.20808598,0.0,False
DOGEUSDT,1754361900000,uptrend,0.20808598,0.0,False
DOGEUSDT,1754362800000,uptrend,0.20808598,0.0,False
DOGEUSDT,1754363700000,uptrend,0.20808598,0.0,False
DOGEUSDT,1754364600000,uptrend,0.20808598,0.0,False
DOGEUSDT,1754365500000,uptrend,0.20808598,0.0,False
DOGEUSDT,1754366400000,uptrend,0.20808598,0.0,False
DOGEUSDT,1754367300000,uptrend,0.20808598,0.0,False
DOGEUSDT,1754368200000,uptrend,0.20808598,0.0,False
DOGEUSDT,1754369100000,uptrend,0.20808598,0.0,False
DOGEUSDT,1754370000000,uptrend,0.20808598,0.0,False
DOGEUSDT,1754370900000,uptrend,0.20808598,0.0,False
DOGEUSDT,1754371800000,uptrend,0.20808598,0.0,False
DOGEUSDT,1754372700000,uptrend,0.20808598,0.0,False
DOGEUSDT,1754373600000,uptrend,0.20878717000000002,0.0,False
DOGEUSDT,1754374500000,uptrend,0.20878717000000002,0.0,False
DOGEUSDT,1754375400000,uptrend,0.20878717000000002,0.0,False
DOGEUSDT,1754376300000,uptrend,0.20878717000000002,0.0,False
DOGEUSDT,1754377200000,uptrend,0.20878717000000002,0.0,False
DOGEUSDT,1754378100000,uptrend,0.20878717000000002,0.0,False
ADAUSDT,1754215200000,uptrend,0.7198465000000001,0.0,False
ADAUSDT,1754216100000,uptrend,0.7198465000000001,0.0,False
ADAUSDT,1754217000000,uptrend,0.7236832,0.0,False
ADAUSDT,1754217900000,uptrend,0.7236832,0.0,False
ADAUSDT,1754218800000,uptrend,0.7236832,0.0,False
ADAUSDT,1754219700000,uptrend,0.7236832,0.0,False
ADAUSDT,1754220600000,uptrend,0.7236832,0.0,False
ADAUSDT,1754221500000,uptrend,0.7236832,0.0,False
ADAUSDT,1754222400000,uptrend,0.7236832,0.0,False
ADAUSDT,1754223300000,uptrend,0.7256396999999999,0.0,False
ADAUSDT,1754235000000,downtrend,0.7215013000000001,0.0,False
ADAUSDT,1754235900000,downtrend,0.7215013000000001,0.0,False
ADAUSDT,1754236800000,downtrend,0.7215013000000001,0.0,False
ADAUSDT,1754237700000,downtrend,0.7215013000000001,0.0,False
ADAUSDT,1754238600000,downtrend,0.7215013000000001,0.0,False
ADAUSDT,1754239500000,downtrend,0.7215013000000001,0.0,False
ADAUSDT,1754240400000,downtrend,0.7215013000000001,0.0,False
ADAUSDT,1754241300000,downtrend,0.7215013000000001,0.0,False
ADAUSDT,1754242200000,downtrend,0.7215013000000001,0.0,False
ADAUSDT,1754243100000,downtrend,0.7215013000000001,0.0,False
ADAUSDT,1754244000000,downtrend,0.7215013000000001,0.0,False
ADAUSDT,1754250300000,uptrend,0.7263012,0.0,False
ADAUSDT,1754251200000,uptrend,0.7263012,0.0,False
ADAUSDT,1754252100000,uptrend,0.7263012,0.0,False
ADAUSDT,1754253000000,uptrend,0.7263012,0.0,False
ADAUSDT,1754253900000,uptrend,0.7263012,0.0,False
ADAUSDT,1754254800000,uptrend,0.7263012,0.0,False
ADAUSDT,1754255700000,uptrend,0.7263012,0.0,False
ADAUSDT,1754277300000,uptrend,0.7374023999999999,0.0,False
ADAUSDT,1754278200000,uptrend,0.7374023999999999,0.0,False
ADAUSDT,1754279100000,uptrend,0.7374023999999999,0.0,False
ADAUSDT,1754280000000,uptrend,0.7374023999999999,0.0,False
ADAUSDT,1754292600000,downtrend,0.7344951,0.0,False
ADAUSDT,1754293500000,downtrend,0.7344951,0.0,False
ADAUSDT,1754294400000,downtrend,0.7344951,0.0,False
ADAUSDT,1754295300000,downtrend,0.7344951,0.0,False
ADAUSDT,1754296200000,downtrend,0.7344951,0.0,False
ADAUSDT,1754297100000,downtrend,0.7344951,0.0,False
ADAUSDT,1754298000000,downtrend,0.7344951,0.0,False
ADAUSDT,1754306100000,uptrend,0.7393837999999999,0.0,False
ADAUSDT,1754307000000,uptrend,0.7393837999999999,0.0,False
ADAUSDT,1754307900000,uptrend,0.7393837999999999,0.0,False
ADAUSDT,1754308800000,uptrend,0.7393837999999999,0.0,False
ADAUSDT,1754309700000,uptrend,0.7393837999999999,0.0,False
ADAUSDT,1754310600000,uptrend,0.7393837999999999,0.0,False
ADAUSDT,1754311500000,uptrend,0.7393837999999999,0.0,False
ADAUSDT,1754312400000,uptrend,0.7393837999999999,0.0,False
ADAUSDT,1754313300000,uptrend,0.7393837999999999,0.0,False
ADAUSDT,1754314200000,uptrend,0.7393837999999999,0.0,False
ADAUSDT,1754315100000,uptrend,0.7393837999999999,0.0,False
ADAUSDT,1754316000000,uptrend,0.7393837999999999,0.0,False
ADAUSDT,1754316900000,uptrend,0.7393837999999999,0.0,False
ADAUSDT,1754317800000,uptrend,0.7400453,0.0,False
ADAUSDT,1754318700000,uptrend,0.7400453,0.0,False
ADAUSDT,1754319600000,uptrend,0.7400453,0.0,False
ADAUSDT,1754320500000,uptrend,0.7400453,0.0,False
ADAUSDT,1754321400000,uptrend,0.7466974,0.0,False
ADAUSDT,1754322300000,uptrend,0.7466974,0.0,False
ADAUSDT,1754323200000,uptrend,0.7466974,0.0,False
ADAUSDT,1754324100000,uptrend,0.7466974,0.0,False
ADAUSDT,1754325000000,uptrend,0.7466974,0.0,False
ADAUSDT,1754325900000,uptrend,0.7466974,0.0,False
ADAUSDT,1754326800000,uptrend,0.7492111,0.0,False
ADAUSDT,1754327700000,uptrend,0.7492111,0.0,False
ADAUSDT,1754328600000,uptrend,0.7492111,0.0,False
ADAUSDT,1754329500000,uptrend,0.7492111,0.0,False
ADAUSDT,1754330400000,uptrend,0.7492111,0.0,False
ADAUSDT,1754331300000,uptrend,0.7492111,0.0,False
ADAUSDT,1754332200000,uptrend,0.7515589,0.0,False
ADAUSDT,1754333100000,uptrend,0.7515589,0.0,False
ADAUSDT,1754334000000,uptrend,0.7515589,0.0,False
ADAUSDT,1754334900000,uptrend,0.7515589,0.0,False
ADAUSDT,1754335800000,uptrend,0.7515589,0.0,False
ADAUSDT,1754336700000,uptrend,0.7515589,0.0,False
ADAUSDT,1754337600000,uptrend,0.7515589,0.0,False
ADAUSDT,1754338500000,uptrend,0.7515589,0.0,False
ADAUSDT,1754339400000,uptrend,0.7515589,0.0,False
ADAUSDT,1754352900000,downtrend,0.7486765,0.0,False
ADAUSDT,1754353800000,downtrend,0.7486765,0.0,False
ADAUSDT,1754354700000,downtrend,0.7486765,0.0,False
ADAUSDT,1754355600000,downtrend,0.7486765,0.0,False
ADAUSDT,1754360100000,uptrend,0.7563074000000001,0.0,False
ADAUSDT,1754361000000,uptrend,0.7563074000000001,0.0,False
ADAUSDT,1754361900000,uptrend,0.7563074000000001,0.0,False
ADAUSDT,1754362800000,uptrend,0.7563074000000001,0.0,False
ADAUSDT,1754363700000,uptrend,0.7563074000000001,0.0,False
ADAUSDT,1754364600000,uptrend,0.7563074000000001,0.0,False
ADAUSDT,1754365500000,uptrend,0.7563074000000001,0.0,False
ADAUSDT,1754366400000,uptrend,0.7563074000000001,0.0,False
ADAUSDT,1754367300000,uptrend,0.7563074000000001,0.0,False
ADAUSDT,1754368200000,uptrend,0.7563074000000001,0.0,False
ADAUSDT,1754369100000,uptrend,0.7563074000000001,0.0,False
ADAUSDT,1754370000000,uptrend,0.7563074000000001,0.0,False
ADAUSDT,1754370900000,uptrend,0.7563074000000001,0.0,False
ADAUSDT,1754371800000,uptrend,0.7563074000000001,0.0,False
ADAUSDT,1754379000000,downtrend,0.747787,0.0,False
ADAUSDT,1754379900000,downtrend,0.747787,0.0,False
ADAUSDT,1754380800000,downtrend,0.747787,0.0,False
ADAUSDT,1754381700000,downtrend,0.747787,0.0,False
ADAUSDT,1754382600000,downtrend,0.747787,0.0,False
ADAUSDT,1754383500000,downtrend,0.747787,0.0,False
XLMUSDT,1754215200000,uptrend,0.3784012,0.0,False
XLMUSDT,1754216100000,uptrend,0.3784012,0.0,False
XLMUSDT,1754217000000,uptrend,0.3784012,0.0,False
XLMUSDT,1754217900000,uptrend,0.3784012,0.0,False
XLMUSDT,1754218800000,uptrend,0.3784012,0.0,False
XLMUSDT,1754219700000,uptrend,0.3784012,0.0,False
XLMUSDT,1754220600000,uptrend,0.3784012,0.0,False
XLMUSDT,1754221500000,uptrend,0.3784012,0.0,False
XLMUSDT,1754222400000,uptrend,0.3784012,0.0,False
XLMUSDT,1754223300000,uptrend,0.3784012,0.0,False
XLMUSDT,1754224200000,uptrend,0.3784012,0.0,False
XLMUSDT,1754225100000,uptrend,0.3784012,0.0,False
XLMUSDT,1754226000000,uptrend,0.3784012,0.0,False
XLMUSDT,1754226900000,uptrend,0.3784012,0.0,False
XLMUSDT,1754227800000,uptrend,0.3784012,0.0,False
XLMUSDT,1754228700000,uptrend,0.3784012,0.0,False
XLMUSDT,1754229600000,uptrend,0.3784012,0.0,False
XLMUSDT,1754230500000,uptrend,0.3784012,0.0,False
XLMUSDT,1754231400000,uptrend,0.3784012,0.0,False
XLMUSDT,1754232300000,uptrend,0.3784012,0.0,False
XLMUSDT,1754233200000,uptrend,0.3784012,0.0,False
XLMUSDT,1754234100000,uptrend,0.3784012,0.0,False
XLMUSDT,1754235000000,uptrend,0.3784012,0.0,False
XLMUSDT,1754235900000,uptrend,0.3784012,0.0,False
XLMUSDT,1754236800000,uptrend,0.3784012,0.0,False
XLMUSDT,1754237700000,uptrend,0.3784012,0.0,False
XLMUSDT,1754238600000,uptrend,0.3784012,0.0,False
XLMUSDT,1754239500000,uptrend,0.3784012,0.0,False
XLMUSDT,1754240400000,uptrend,0.3784012,0.0,False
XLMUSDT,1754241300000,uptrend,0.3784012,0.0,False
XLMUSDT,1754242200000,uptrend,0.3784012,0.0,False
XLMUSDT,1754243100000,uptrend,0.3784012,0.0,False
XLMUSDT,1754244000000,uptrend,0.3784012,0.0,False
XLMUSDT,1754244900000,uptrend,0.3906433,0.0,False
XLMUSDT,1754245800000,uptrend,0.3906433,0.0,False
XLMUSDT,1754246700000,uptrend,0.3906433,0.0,False
XLMUSDT,1754247600000,uptrend,0.3906433,0.0,False
XLMUSDT,1754248500000,uptrend,0.3906433,0.0,False
XLMUSDT,1754249400000,uptrend,0.3906433,0.0,False
XLMUSDT,1754250300000,uptrend,0.39968380000000003,0.0,False
XLMUSDT,1754251200000,uptrend,0.39968380000000003,0.0,False
XLMUSDT,1754252100000,uptrend,0.39968380000000003,0.0,False
XLMUSDT,1754253000000,uptrend,0.39968380000000003,0.0,False
XLMUSDT,1754253900000,uptrend,0.39968380000000003,0.0,False
XLMUSDT,1754254800000,uptrend,0.39968380000000003,0.0,False
XLMUSDT,1754255700000,uptrend,0.39968380000000003,0.0,False
XLMUSDT,1754256600000,uptrend,0.39968380000000003,0.0,False
XLMUSDT,1754277300000,uptrend,0.4136341,0.0,False
XLMUSDT,1754278200000,uptrend,0.4136341,0.0,False
XLMUSDT,1754289900000,downtrend,0.4106982,0.0,False
XLMUSDT,1754290800000,downtrend,0.4106982,0.0,False
XLMUSDT,1754291700000,downtrend,0.4106982,0.0,False
XLMUSDT,1754292600000,downtrend,0.4106982,0.0,False
XLMUSDT,1754293500000,downtrend,0.4106982,0.0,False
XLMUSDT,1754294400000,downtrend,0.4106982,0.0,False
XLMUSDT,1754295300000,downtrend,0.4106982,0.0,False
XLMUSDT,1754296200000,downtrend,0.4106982,0.0,False
XLMUSDT,1754297100000,downtrend,0.4106982,0.0,False
XLMUSDT,1754298000000,downtrend,0.4106982,0.0,False
XLMUSDT,1754298900000,downtrend,0.4106982,0.0,False
XLMUSDT,1754299800000,downtrend,0.4106982,0.0,False
XLMUSDT,1754300700000,downtrend,0.4106982,0.0,False
XLMUSDT,1754313300000,uptrend,0.4140111,0.0,False
XLMUSDT,1754314200000,uptrend,0.4140111,0.0,False
XLMUSDT,1754315100000,uptrend,0.4140111,0.0,False
XLMUSDT,1754316000000,uptrend,0.4140111,0.0,False
XLMUSDT,1754316900000,uptrend,0.4140111,0.0,False
XLMUSDT,1754317800000,uptrend,0.4140111,0.0,False
XLMUSDT,1754318700000,uptrend,0.4140111,0.0,False
XLMUSDT,1754348400000,uptrend,0.41970799999999997,0.0,False
XLMUSDT,1754349300000,uptrend,0.41970799999999997,0.0,False
XLMUSDT,1754350200000,uptrend,0.41970799999999997,0.0,False
XLMUSDT,1754351100000,uptrend,0.41970799999999997,0.0,False
XLMUSDT,1754352000000,uptrend,0.41970799999999997,0.0,False
XLMUSDT,1754352900000,uptrend,0.41970799999999997,0.0,False
XLMUSDT,1754353800000,uptrend,0.41970799999999997,0.0,False
XLMUSDT,1754354700000,uptrend,0.41970799999999997,0.0,False
XLMUSDT,1754360100000,downtrend,0.415446,0.0,False
XLMUSDT,1754361000000,downtrend,0.415446,0.0,False
XLMUSDT,1754361900000,downtrend,0.415446,0.0,False
XLMUSDT,1754362800000,downtrend,0.415446,0.0,False
XLMUSDT,1754363700000,downtrend,0.415446,0.0,False
XLMUSDT,1754364600000,downtrend,0.415446,0.0,False
XLMUSDT,1754365500000,downtrend,0.415446,0.0,False
XLMUSDT,1754366400000,downtrend,0.415446,0.0,False
XLMUSDT,1754367300000,downtrend,0.415446,0.0,False
XLMUSDT,1754368200000,downtrend,0.415446,0.0,False
XLMUSDT,1754369100000,downtrend,0.415446,0.0,False
XLMUSDT,1754370000000,downtrend,0.415446,0.0,False
XLMUSDT,1754370900000,downtrend,0.415446,0.0,False
XLMUSDT,1754371800000,downtrend,0.415446,0.0,False
XLMUSDT,1754372700000,downtrend,0.4101355,0.0,False
XLMUSDT,1754373600000,downtrend,0.4101355,0.0,False
XLMUSDT,1754374500000,downtrend,0.4101355,0.0,False
XLMUSDT,1754375400000,downtrend,0.4101355,0.0,False
XLMUSDT,1754376300000,downtrend,0.4101355,0.0,False
XLMUSDT,1754377200000,downtrend,0.4101355,0.0,False
XLMUSDT,1754378100000,downtrend,0.4101355,0.0,False
XLMUSDT,1754379000000,downtrend,0.4065634,0.0,False
XLMUSDT,1754379900000,downtrend,0.4065634,0.0,False
XLMUSDT,1754380800000,downtrend,0.4065634,0.0,False
XLMUSDT,1754381700000,downtrend,0.4065634,0.0,False
XLMUSDT,1754382600000,downtrend,0.4065634,0.0,False
XLMUSDT,1754383500000,downtrend,0.4065634,0.0,False
TONUSDT,1754219700000,uptrend,3.686819,0.0,False
TONUSDT,1754220600000,uptrend,3.686819,0.0,False
TONUSDT,1754221500000,uptrend,3.686819,0.0,False
TONUSDT,1754222400000,uptrend,3.686819,0.0,False
TONUSDT,1754223300000,uptrend,3.686819,0.0,False
TONUSDT,1754224200000,uptrend,3.686819,0.0,False
TONUSDT,1754225100000,uptrend,3.706664,0.0,False
TONUSDT,1754226000000,uptrend,3.706664,0.0,False
TONUSDT,1754226900000,uptrend,3.706664,0.0,False
TONUSDT,1754227800000,uptrend,3.706664,0.0,False
TONUSDT,1754228700000,uptrend,3.706664,0.0,False
TONUSDT,1754229600000,uptrend,3.706664,0.0,False
TONUSDT,1754230500000,uptrend,3.706664,0.0,False
TONUSDT,1754231400000,uptrend,3.706664,0.0,False
TONUSDT,1754232300000,uptrend,3.706664,0.0,False
TONUSDT,1754233200000,uptrend,3.706664,0.0,False
TONUSDT,1754234100000,uptrend,3.706664,0.0,False
TONUSDT,1754253900000,downtrend,3.631752,0.0,False
TONUSDT,1754254800000,downtrend,3.631752,0.0,False
TONUSDT,1754255700000,downtrend,3.631752,0.0,False
TONUSDT,1754256600000,downtrend,3.631752,0.0,False
TONUSDT,1754257500000,downtrend,3.631752,0.0,False
TONUSDT,1754258400000,downtrend,3.631752,0.0,False
TONUSDT,1754259300000,downtrend,3.631752,0.0,False
TONUSDT,1754260200000,downtrend,3.631752,0.0,False
TONUSDT,1754261100000,downtrend,3.631752,0.0,False
TONUSDT,1754262000000,downtrend,3.631752,0.0,False
TONUSDT,1754262900000,downtrend,3.631752,0.0,False
TONUSDT,1754263800000,downtrend,3.631752,0.0,False
TONUSDT,1754264700000,downtrend,3.631752,0.0,False
TONUSDT,1754265600000,downtrend,3.631752,0.0,False
TONUSDT,1754266500000,downtrend,3.631752,0.0,False
TONUSDT,1754267400000,downtrend,3.631752,0.0,False
TONUSDT,1754268300000,downtrend,3.631752,0.0,False
TONUSDT,1754269200000,downtrend,3.631752,0.0,False
TONUSDT,1754270100000,downtrend,3.603802,0.0,False
TONUSDT,1754271000000,downtrend,3.603802,0.0,False
TONUSDT,1754271900000,downtrend,3.603802,0.0,False
TONUSDT,1754272800000,downtrend,3.603802,0.0,False
TONUSDT,1754273700000,downtrend,3.603802,0.0,False
TONUSDT,1754274600000,downtrend,3.603802,0.0,False
TONUSDT,1754275500000,downtrend,3.603802,0.0,False
TONUSDT,1754276400000,downtrend,3.603802,0.0,False
TONUSDT,1754277300000,downtrend,3.5799879999999997,0.0,False
TONUSDT,1754278200000,downtrend,3.5799879999999997,0.0,False
TONUSDT,1754279100000,downtrend,3.5799879999999997,0.0,False
TONUSDT,1754280000000,downtrend,3.5799879999999997,0.0,False
TONUSDT,1754280900000,downtrend,3.5799879999999997,0.0,False
TONUSDT,1754281800000,downtrend,3.5799879999999997,0.0,False
TONUSDT,1754282700000,downtrend,3.5799879999999997,0.0,False
TONUSDT,1754283600000,downtrend,3.5799879999999997,0.0,False
TONUSDT,1754284500000,downtrend,3.5799879999999997,0.0,False
TONUSDT,1754285400000,downtrend,3.562659,0.0,False
TONUSDT,1754286300000,downtrend,3.562659,0.0,False
TONUSDT,1754287200000,downtrend,3.562659,0.0,False
TONUSDT,1754288100000,downtrend,3.562659,0.0,False
TONUSDT,1754289000000,downtrend,3.562659,0.0,False
TONUSDT,1754289900000,downtrend,3.562659,0.0,False
TONUSDT,1754290800000,downtrend,3.562659,0.0,False
TONUSDT,1754291700000,downtrend,3.562659,0.0,False
TONUSDT,1754292600000,downtrend,3.562659,0.0,False
TONUSDT,1754293500000,downtrend,3.562659,0.0,False
TONUSDT,1754294400000,downtrend,3.562659,0.0,False
TONUSDT,1754295300000,downtrend,3.562659,0.0,False
TONUSDT,1754296200000,downtrend,3.562659,0.0,False
TONUSDT,1754297100000,downtrend,3.562659,0.0,False
TONUSDT,1754298000000,downtrend,3.562659,0.0,False
TONUSDT,1754298900000,downtrend,3.548988,0.0,False
TONUSDT,1754299800000,downtrend,3.548988,0.0,False
TONUSDT,1754300700000,downtrend,3.548988,0.0,False
TONUSDT,1754301600000,downtrend,3.548988,0.0,False
TONUSDT,1754308800000,uptrend,3.619757,0.0,False
TONUSDT,1754309700000,uptrend,3.619757,0.0,False
TONUSDT,1754310600000,uptrend,3.619757,0.0,False
TONUSDT,1754311500000,uptrend,3.619757,0.0,False
TONUSDT,1754312400000,uptrend,3.619757,0.0,False
TONUSDT,1754313300000,uptrend,3.619757,0.0,False
TONUSDT,1754314200000,uptrend,3.619757,0.0,False
TONUSDT,1754315100000,uptrend,3.619757,0.0,False
TONUSDT,1754316000000,uptrend,3.619757,0.0,False
TONUSDT,1754316900000,uptrend,3.619757,0.0,False
TONUSDT,1754317800000,uptrend,3.619757,0.0,False
TONUSDT,1754318700000,uptrend,3.619757,0.0,False
TONUSDT,1754319600000,uptrend,3.619757,0.0,False
TONUSDT,1754320500000,uptrend,3.619757,0.0,False
TONUSDT,1754321400000,uptrend,3.619757,0.0,False
TONUSDT,1754322300000,uptrend,3.619757,0.0,False
TONUSDT,1754328600000,uptrend,3.529352,0.0,False
TONUSDT,1754329500000,uptrend,3.529352,0.0,False
TONUSDT,1754330400000,uptrend,3.529352,0.0,False
TONUSDT,1754337600000,uptrend,3.399105,0.0,False
TONUSDT,1754338500000,uptrend,3.399105,0.0,False
TONUSDT,1754339400000,uptrend,3.399105,0.0,False
TONUSDT,1754340300000,uptrend,3.399105,0.0,False
TONUSDT,1754341200000,uptrend,3.399105,0.0,False
TONUSDT,1754342100000,uptrend,3.399105,0.0,False
TONUSDT,1754343000000,uptrend,3.4189499999999997,0.0,False
TONUSDT,1754343900000,uptrend,3.4189499999999997,0.0,False
TONUSDT,1754344800000,uptrend,3.4189499999999997,0.0,False
TONUSDT,1754345700000,uptrend,3.4189499999999997,0.0,False
TONUSDT,1754346600000,uptrend,3.4189499999999997,0.0,False
TONUSDT,1754347500000,uptrend,3.4189499999999997,0.0,False
TONUSDT,1754348400000,uptrend,3.4189499999999997,0.0,False
TONUSDT,1754349300000,uptrend,3.4189499999999997,0.0,False
TONUSDT,1754350200000,uptrend,3.4189499999999997,0.0,False
TONUSDT,1754351100000,uptrend,3.4189499999999997,0.0,False
TONUSDT,1754359200000,downtrend,3.399342,0.0,False
TONUSDT,1754360100000,downtrend,3.399342,0.0,False
TONUSDT,1754361000000,downtrend,3.399342,0.0,False
TONUSDT,1754361900000,downtrend,3.399342,0.0,False
TONUSDT,1754362800000,downtrend,3.399342,0.0,False
TONUSDT,1754363700000,downtrend,3.392727,0.0,False
TONUSDT,1754364600000,downtrend,3.392727,0.0,False
TONUSDT,1754365500000,downtrend,3.392727,0.0,False
TONUSDT,1754366400000,downtrend,3.392727,0.0,False
TONUSDT,1754367300000,downtrend,3.392727,0.0,False
TONUSDT,1754368200000,downtrend,3.392727,0.0,False
TONUSDT,1754369100000,downtrend,3.392727,0.0,False
TONUSDT,1754370000000,downtrend,3.392727,0.0,False
TONUSDT,1754370900000,downtrend,3.392727,0.0,False
TONUSDT,1754371800000,downtrend,3.392727,0.0,False
TONUSDT,1754372700000,downtrend,3.392727,0.0,False
TONUSDT,1754373600000,downtrend,3.392727,0.0,False
TONUSDT,1754374500000,downtrend,3.375398,0.0,False
TONUSDT,1754375400000,downtrend,3.375398,0.0,False
TONUSDT,1754376300000,downtrend,3.355112,0.0,False
TONUSDT,1754377200000,downtrend,3.355112,0.0,False
TONUSDT,1754378100000,downtrend,3.355112,0.0,False
TONUSDT,1754379000000,downtrend,3.355112,0.0,False
TONUSDT,1754379900000,downtrend,3.355112,0.0,False
TONUSDT,1754380800000,downtrend,3.355112,0.0,False
TONUSDT,1754381700000,downtrend,3.355112,0.0,False
TONUSDT,1754382600000,downtrend,3.355112,0.0,False
TONUSDT,1754383500000,downtrend,3.355112,0.0,False
LTCUSDT,1754215200000,uptrend,108.13216,0.0,False
LTCUSDT,1754216100000,uptrend,108.13216,0.0,False
LTCUSDT,1754217000000,uptrend,108.13216,0.0,False
LTCUSDT,1754217900000,uptrend,108.13216,0.0,False
LTCUSDT,1754218800000,uptrend,108.13216,0.0,False
LTCUSDT,1754219700000,uptrend,108.13216,0.0,False
LTCUSDT,1754220600000,uptrend,108.70793,0.0,False
LTCUSDT,1754221500000,uptrend,108.70793,0.0,False
LTCUSDT,1754222400000,uptrend,108.70793,0.0,False
LTCUSDT,1754223300000,uptrend,108.70793,0.0,False
LTCUSDT,1754224200000,uptrend,108.70793,0.0,False
LTCUSDT,1754225100000,uptrend,109.55465,0.0,False
LTCUSDT,1754226000000,uptrend,109.55465,0.0,False
LTCUSDT,1754226900000,uptrend,109.55465,0.0,False
LTCUSDT,1754227800000,uptrend,109.55465,0.0,False
LTCUSDT,1754228700000,uptrend,109.55465,0.0,False
LTCUSDT,1754229600000,uptrend,109.62732,0.0,False
LTCUSDT,1754230500000,uptrend,109.62732,0.0,False
LTCUSDT,1754231400000,uptrend,109.62732,0.0,False
LTCUSDT,1754232300000,uptrend,109.62732,0.0,False
LTCUSDT,1754233200000,uptrend,109.62732,0.0,False
LTCUSDT,1754234100000,uptrend,109.62732,0.0,False
LTCUSDT,1754244000000,downtrend,109.16647,0.0,False
LTCUSDT,1754244900000,downtrend,109.16647,0.0,False
LTCUSDT,1754245800000,downtrend,109.16647,0.0,False
LTCUSDT,1754246700000,downtrend,109.16647,0.0,False
LTCUSDT,1754247600000,downtrend,109.16647,0.0,False
LTCUSDT,1754248500000,downtrend,109.16647,0.0,False
LTCUSDT,1754249400000,downtrend,109.16647,0.0,False
LTCUSDT,1754266500000,uptrend,110.32104000000001,0.0,False
LTCUSDT,1754267400000,uptrend,110.32104000000001,0.0,False
LTCUSDT,1754268300000,uptrend,110.32104000000001,0.0,False
LTCUSDT,1754269200000,uptrend,110.32104000000001,0.0,False
LTCUSDT,1754270100000,uptrend,110.32104000000001,0.0,False
LTCUSDT,1754271000000,uptrend,110.32104000000001,0.0,False
LTCUSDT,1754271900000,uptrend,110.32104000000001,0.0,False
LTCUSDT,1754272800000,uptrend,110.57818,0.0,False
LTCUSDT,1754273700000,uptrend,110.57818,0.0,False
LTCUSDT,1754274600000,uptrend,110.57818,0.0,False
LTCUSDT,1754275500000,uptrend,110.57818,0.0,False
LTCUSDT,1754276400000,uptrend,111.35434000000001,0.0,False
LTCUSDT,1754277300000,uptrend,111.35434000000001,0.0,False
LTCUSDT,1754278200000,uptrend,111.35434000000001,0.0,False
LTCUSDT,1754279100000,uptrend,111.35434000000001,0.0,False
LTCUSDT,1754280000000,uptrend,111.35434000000001,0.0,False
LTCUSDT,1754280900000,uptrend,111.35434000000001,0.0,False
LTCUSDT,1754281800000,uptrend,111.35434000000001,0.0,False
LTCUSDT,1754282700000,uptrend,111.35434000000001,0.0,False
LTCUSDT,1754283600000,uptrend,111.35434000000001,0.0,False
LTCUSDT,1754290800000,downtrend,111.02386,0.0,False
LTCUSDT,1754291700000,downtrend,111.02386,0.0,False
LTCUSDT,1754292600000,downtrend,111.02386,0.0,False
LTCUSDT,1754293500000,downtrend,111.02386,0.0,False
LTCUSDT,1754294400000,downtrend,111.02386,0.0,False
LTCUSDT,1754295300000,downtrend,111.02386,0.0,False
LTCUSDT,1754296200000,downtrend,111.02386,0.0,False
LTCUSDT,1754297100000,downtrend,111.02386,0.0,False
LTCUSDT,1754303400000,uptrend,112.38806,0.0,False
LTCUSDT,1754304300000,uptrend,112.38806,0.0,False
LTCUSDT,1754305200000,uptrend,112.38806,0.0,False
LTCUSDT,1754306100000,uptrend,112.38806,0.0,False
LTCUSDT,1754307000000,uptrend,112.38806,0.0,False
LTCUSDT,1754307900000,uptrend,112.38806,0.0,False
LTCUSDT,1754308800000,uptrend,112.38806,0.0,False
LTCUSDT,1754309700000,uptrend,112.38806,0.0,False
LTCUSDT,1754310600000,uptrend,112.66588999999999,0.0,False
LTCUSDT,1754311500000,uptrend,112.66588999999999,0.0,False
LTCUSDT,1754312400000,uptrend,112.66588999999999,0.0,False
LTCUSDT,1754313300000,uptrend,112.66588999999999,0.0,False
LTCUSDT,1754314200000,uptrend,112.66588999999999,0.0,False
LTCUSDT,1754315100000,uptrend,112.66588999999999,0.0,False
LTCUSDT,1754316000000,uptrend,112.66588999999999,0.0,False
LTCUSDT,1754316900000,uptrend,112.66588999999999,0.0,False
LTCUSDT,1754317800000,uptrend,112.66588999999999,0.0,False
LTCUSDT,1754318700000,uptrend,112.66588999999999,0.0,False
LTCUSDT,1754319600000,uptrend,112.66588999999999,0.0,False
LTCUSDT,1754320500000,uptrend,112.66588999999999,0.0,False
LTCUSDT,1754321400000,uptrend,116.22113,0.0,False
LTCUSDT,1754322300000,uptrend,116.22113,0.0,False
LTCUSDT,1754323200000,uptrend,116.22113,0.0,False
LTCUSDT,1754324100000,uptrend,116.22113,0.0,False
LTCUSDT,1754325000000,uptrend,116.22113,0.0,False
LTCUSDT,1754325900000,uptrend,116.22113,0.0,False
LTCUSDT,1754326800000,uptrend,116.22113,0.0,False
LTCUSDT,1754327700000,uptrend,118.50110000000001,0.0,False
LTCUSDT,1754328600000,uptrend,118.50110000000001,0.0,False
LTCUSDT,1754329500000,uptrend,118.50110000000001,0.0,False
LTCUSDT,1754330400000,uptrend,118.50110000000001,0.0,False
LTCUSDT,1754331300000,uptrend,118.50110000000001,0.0,False
LTCUSDT,1754332200000,uptrend,118.50110000000001,0.0,False
LTCUSDT,1754333100000,uptrend,118.50110000000001,0.0,False
LTCUSDT,1754334000000,uptrend,118.50110000000001,0.0,False
LTCUSDT,1754334900000,uptrend,118.53464,0.0,False
LTCUSDT,1754335800000,uptrend,118.53464,0.0,False
LTCUSDT,1754336700000,uptrend,118.53464,0.0,False
LTCUSDT,1754337600000,uptrend,118.53464,0.0,False
LTCUSDT,1754338500000,uptrend,118.53464,0.0,False
LTCUSDT,1754339400000,uptrend,118.53464,0.0,False
LTCUSDT,1754340300000,uptrend,118.53464,0.0,False
LTCUSDT,1754341200000,uptrend,118.53464,0.0,False
LTCUSDT,1754342100000,uptrend,118.53464,0.0,False
LTCUSDT,1754343000000,uptrend,118.53464,0.0,False
LTCUSDT,1754343900000,uptrend,118.53464,0.0,False
LTCUSDT,1754344800000,uptrend,119.42546,0.0,False
LTCUSDT,1754345700000,uptrend,119.42546,0.0,False
LTCUSDT,1754346600000,uptrend,119.42546,0.0,False
LTCUSDT,1754347500000,uptrend,120.07390000000001,0.0,False
LTCUSDT,1754348400000,uptrend,120.07390000000001,0.0,False
LTCUSDT,1754349300000,uptrend,120.07390000000001,0.0,False
LTCUSDT,1754350200000,uptrend,120.07390000000001,0.0,False
LTCUSDT,1754351100000,uptrend,120.07390000000001,0.0,False
LTCUSDT,1754352000000,uptrend,120.07390000000001,0.0,False
LTCUSDT,1754352900000,uptrend,120.07390000000001,0.0,False
LTCUSDT,1754353800000,uptrend,120.07390000000001,0.0,False
LTCUSDT,1754354700000,uptrend,120.07390000000001,0.0,False
LTCUSDT,1754355600000,uptrend,120.33663,0.0,False
LTCUSDT,1754356500000,uptrend,120.33663,0.0,False
LTCUSDT,1754357400000,uptrend,120.33663,0.0,False
LTCUSDT,1754358300000,uptrend,120.33663,0.0,False
LTCUSDT,1754359200000,uptrend,120.33663,0.0,False
LTCUSDT,1754360100000,uptrend,120.86142000000001,0.0,False
LTCUSDT,1754361000000,uptrend,120.86142000000001,0.0,False
LTCUSDT,1754361900000,uptrend,120.86142000000001,0.0,False
LTCUSDT,1754362800000,uptrend,120.86142000000001,0.0,False
LTCUSDT,1754363700000,uptrend,122.83469,0.0,False
LTCUSDT,1754364600000,uptrend,122.83469,0.0,False
LTCUSDT,1754365500000,uptrend,122.83469,0.0,False
LTCUSDT,1754366400000,uptrend,122.83469,0.0,False
LTCUSDT,1754367300000,uptrend,122.83469,0.0,False
LTCUSDT,1754368200000,uptrend,122.83469,0.0,False
LTCUSDT,1754369100000,uptrend,122.83469,0.0,False
LTCUSDT,1754370000000,uptrend,122.83469,0.0,False
LTCUSDT,1754370900000,uptrend,123.25805,0.0,False
LTCUSDT,1754371800000,uptrend,123.25805,0.0,False
LTCUSDT,1754372700000,uptrend,123.25805,0.0,False
LTCUSDT,1754373600000,uptrend,123.25805,0.0,False
LTCUSDT,1754374500000,uptrend,123.25805,0.0,False
LTCUSDT,1754375400000,uptrend,123.25805,0.0,False
LTCUSDT,1754376300000,uptrend,123.25805,0.0,False
LTCUSDT,1754377200000,uptrend,123.25805,0.0,False
LTCUSDT,1754378100000,uptrend,123.29159000000001,0.0,False
LTCUSDT,1754379000000,uptrend,123.29159000000001,0.0,False
LTCUSDT,1754379900000,uptrend,123.29159000000001,0.0,False
LTCUSDT,1754380800000,uptrend,123.29159000000001,0.0,False
LTCUSDT,1754381700000,uptrend,123.29159000000001,0.0,False
LTCUSDT,1754382600000,uptrend,123.29159000000001,0.0,False
DOTUSDT,1754223300000,uptrend,3.595714,0.0,False
DOTUSDT,1754224200000,uptrend,3.595714,0.0,False
DOTUSDT,1754225100000,uptrend,3.595714,0.0,False
DOTUSDT,1754226000000,uptrend,3.595714,0.0,False
DOTUSDT,1754226900000,uptrend,3.595714,0.0,False
DOTUSDT,1754227800000,uptrend,3.6040929999999998,0.0,False
DOTUSDT,1754228700000,uptrend,3.6040929999999998,0.0,False
DOTUSDT,1754229600000,uptrend,3.6052109999999997,0.0,False
DOTUSDT,1754230500000,uptrend,3.6052109999999997,0.0,False
DOTUSDT,1754231400000,uptrend,3.6052109999999997,0.0,False
DOTUSDT,1754232300000,uptrend,3.6052109999999997,0.0,False
DOTUSDT,1754233200000,uptrend,3.6052109999999997,0.0,False
DOTUSDT,1754234100000,uptrend,3.6052109999999997,0.0,False
DOTUSDT,1754242200000,uptrend,3.597273,0.0,False
DOTUSDT,1754243100000,uptrend,3.597273,0.0,False
DOTUSDT,1754244000000,uptrend,3.597273,0.0,False
DOTUSDT,1754253900000,uptrend,3.595596,0.0,False
DOTUSDT,1754254800000,uptrend,3.595596,0.0,False
DOTUSDT,1754255700000,uptrend,3.6030930000000003,0.0,False
DOTUSDT,1754263800000,uptrend,3.6115649999999997,0.0,False
DOTUSDT,1754264700000,uptrend,3.6115649999999997,0.0,False
DOTUSDT,1754265600000,uptrend,3.6115649999999997,0.0,False
DOTUSDT,1754266500000,uptrend,3.6115649999999997,0.0,False
DOTUSDT,1754267400000,uptrend,3.6115649999999997,0.0,False
DOTUSDT,1754268300000,uptrend,3.6115649999999997,0.0,False
DOTUSDT,1754269200000,uptrend,3.6115649999999997,0.0,False
DOTUSDT,1754270100000,uptrend,3.6137699999999997,0.0,False
DOTUSDT,1754271000000,uptrend,3.6137699999999997,0.0,False
DOTUSDT,1754271900000,uptrend,3.6137699999999997,0.0,False
DOTUSDT,1754272800000,uptrend,3.6137699999999997,0.0,False
DOTUSDT,1754273700000,uptrend,3.6355709999999997,0.0,False
DOTUSDT,1754274600000,uptrend,3.6355709999999997,0.0,False
DOTUSDT,1754275500000,uptrend,3.6355709999999997,0.0,False
DOTUSDT,1754276400000,uptrend,3.6355709999999997,0.0,False
DOTUSDT,1754277300000,uptrend,3.642186,0.0,False
DOTUSDT,1754278200000,uptrend,3.642186,0.0,False
DOTUSDT,1754279100000,uptrend,3.642186,0.0,False
DOTUSDT,1754280000000,uptrend,3.642186,0.0,False
DOTUSDT,1754287200000,downtrend,3.624522,0.0,False
DOTUSDT,1754288100000,downtrend,3.624522,0.0,False
DOTUSDT,1754289000000,downtrend,3.624522,0.0,False
DOTUSDT,1754289900000,downtrend,3.624522,0.0,False
DOTUSDT,1754300700000,uptrend,3.637683,0.0,False
DOTUSDT,1754301600000,uptrend,3.637683,0.0,False
DOTUSDT,1754302500000,uptrend,3.637683,0.0,False
DOTUSDT,1754303400000,uptrend,3.637683,0.0,False
DOTUSDT,1754304300000,uptrend,3.637683,0.0,False
DOTUSDT,1754305200000,uptrend,3.637683,0.0,False
DOTUSDT,1754306100000,uptrend,3.637683,0.0,False
DOTUSDT,1754310600000,downtrend,3.624789,0.0,False
DOTUSDT,1754311500000,downtrend,3.624789,0.0,False
DOTUSDT,1754312400000,downtrend,3.624789,0.0,False
DOTUSDT,1754313300000,downtrend,3.624789,0.0,False
DOTUSDT,1754314200000,downtrend,3.624789,0.0,False
DOTUSDT,1754315100000,downtrend,3.624789,0.0,False
DOTUSDT,1754316000000,downtrend,3.624789,0.0,False
DOTUSDT,1754316900000,downtrend,3.624789,0.0,False
DOTUSDT,1754317800000,downtrend,3.624789,0.0,False
DOTUSDT,1754318700000,downtrend,3.624789,0.0,False
DOTUSDT,1754319600000,downtrend,3.624789,0.0,False
DOTUSDT,1754320500000,downtrend,3.624789,0.0,False
DOTUSDT,1754340300000,uptrend,3.7186329999999996,0.0,False
DOTUSDT,1754341200000,uptrend,3.7186329999999996,0.0,False
DOTUSDT,1754342100000,uptrend,3.7186329999999996,0.0,False
DOTUSDT,1754343000000,uptrend,3.7186329999999996,0.0,False
DOTUSDT,1754343900000,uptrend,3.7186329999999996,0.0,False
DOTUSDT,1754344800000,uptrend,3.7186329999999996,0.0,False
DOTUSDT,1754345700000,uptrend,3.7186329999999996,0.0,False
DOTUSDT,1754346600000,uptrend,3.7186329999999996,0.0,False
DOTUSDT,1754347500000,uptrend,3.7186329999999996,0.0,False
DOTUSDT,1754348400000,uptrend,3.7186329999999996,0.0,False
DOTUSDT,1754349300000,uptrend,3.7186329999999996,0.0,False
DOTUSDT,1754350200000,uptrend,3.7186329999999996,0.0,False
DOTUSDT,1754351100000,uptrend,3.7186329999999996,0.0,False
DOTUSDT,1754372700000,downtrend,3.686926,0.0,False
DOTUSDT,1754373600000,downtrend,3.686926,0.0,False
DOTUSDT,1754374500000,downtrend,3.686926,0.0,False
DOTUSDT,1754375400000,downtrend,3.686926,0.0,False
DOTUSDT,1754376300000,downtrend,3.686926,0.0,False
DOTUSDT,1754377200000,downtrend,3.686926,0.0,False
DOTUSDT,1754378100000,downtrend,3.6617889999999997,0.0,False
DOTUSDT,1754379000000,downtrend,3.6617889999999997,0.0,False
DOTUSDT,1754379900000,downtrend,3.6617889999999997,0.0,False
DOTUSDT,1754380800000,downtrend,3.6617889999999997,0.0,False
DOTUSDT,1754381700000,downtrend,3.6617889999999997,0.0,False
DOTUSDT,1754382600000,downtrend,3.6617889999999997,0.0,False
DOTUSDT,1754383500000,downtrend,3.6271310000000003,0.0,False
UNIUSDT,1754223300000,uptrend,9.072787,0.0,False
UNIUSDT,1754224200000,uptrend,9.072787,0.0,False
UNIUSDT,1754225100000,uptrend,9.072787,0.0,False
UNIUSDT,1754226000000,uptrend,9.072787,0.0,False
UNIUSDT,1754226900000,uptrend,9.145551999999999,0.0,False
UNIUSDT,1754227800000,uptrend,9.145551999999999,0.0,False
UNIUSDT,1754228700000,uptrend,9.145551999999999,0.0,False
UNIUSDT,1754253900000,uptrend,9.160571000000001,0.0,False
UNIUSDT,1754254800000,uptrend,9.160571000000001,0.0,False
UNIUSDT,1754255700000,uptrend,9.160571000000001,0.0,False
UNIUSDT,1754256600000,uptrend,9.164099,0.0,False
UNIUSDT,1754257500000,uptrend,9.164099,0.0,False
UNIUSDT,1754258400000,uptrend,9.164099,0.0,False
UNIUSDT,1754259300000,uptrend,9.164099,0.0,False
UNIUSDT,1754260200000,uptrend,9.164099,0.0,False
UNIUSDT,1754261100000,uptrend,9.164099,0.0,False
UNIUSDT,1754262000000,uptrend,9.164099,0.0,False
UNIUSDT,1754262900000,uptrend,9.164099,0.0,False
UNIUSDT,1754263800000,uptrend,9.164099,0.0,False
UNIUSDT,1754264700000,uptrend,9.164099,0.0,False
UNIUSDT,1754265600000,uptrend,9.164099,0.0,False
UNIUSDT,1754266500000,uptrend,9.164099,0.0,False
UNIUSDT,1754267400000,uptrend,9.164099,0.0,False
UNIUSDT,1754268300000,uptrend,9.164099,0.0,False
UNIUSDT,1754269200000,uptrend,9.166744999999999,0.0,False
UNIUSDT,1754277300000,uptrend,9.282024,0.0,False
UNIUSDT,1754278200000,uptrend,9.282024,0.0,False
UNIUSDT,1754279100000,uptrend,9.282024,0.0,False
UNIUSDT,1754280000000,uptrend,9.282024,0.0,False
UNIUSDT,1754280900000,uptrend,9.282024,0.0,False
UNIUSDT,1754281800000,uptrend,9.282024,0.0,False
UNIUSDT,1754282700000,uptrend,9.282024,0.0,False
UNIUSDT,1754283600000,uptrend,9.282024,0.0,False
UNIUSDT,1754284500000,uptrend,9.322271999999998,0.0,False
UNIUSDT,1754285400000,uptrend,9.322271999999998,0.0,False
UNIUSDT,1754286300000,uptrend,9.322271999999998,0.0,False
UNIUSDT,1754287200000,uptrend,9.322271999999998,0.0,False
UNIUSDT,1754288100000,uptrend,9.322271999999998,0.0,False
UNIUSDT,1754289000000,uptrend,9.322271999999998,0.0,False
UNIUSDT,1754289900000,uptrend,9.322271999999998,0.0,False
UNIUSDT,1754290800000,uptrend,9.322271999999998,0.0,False
UNIUSDT,1754291700000,uptrend,9.322271999999998,0.0,False
UNIUSDT,1754292600000,uptrend,9.333738,0.0,False
UNIUSDT,1754293500000,uptrend,9.333738,0.0,False
UNIUSDT,1754294400000,uptrend,9.333738,0.0,False
UNIUSDT,1754295300000,uptrend,9.333738,0.0,False
UNIUSDT,1754296200000,uptrend,9.333738,0.0,False
UNIUSDT,1754297100000,uptrend,9.333738,0.0,False
UNIUSDT,1754298000000,uptrend,9.333738,0.0,False
UNIUSDT,1754298900000,uptrend,9.333738,0.0,False
UNIUSDT,1754299800000,uptrend,9.333738,0.0,False
UNIUSDT,1754308800000,uptrend,9.350197999999999,0.0,False
UNIUSDT,1754309700000,uptrend,9.350197999999999,0.0,False
UNIUSDT,1754310600000,uptrend,9.350197999999999,0.0,False
UNIUSDT,1754311500000,uptrend,9.350197999999999,0.0,False
UNIUSDT,1754312400000,uptrend,9.350197999999999,0.0,False
UNIUSDT,1754313300000,uptrend,9.357254,0.0,False
UNIUSDT,1754314200000,uptrend,9.357254,0.0,False
UNIUSDT,1754315100000,uptrend,9.357254,0.0,False
UNIUSDT,1754316000000,uptrend,9.357254,0.0,False
UNIUSDT,1754316900000,uptrend,9.357254,0.0,False
UNIUSDT,1754317800000,uptrend,9.357254,0.0,False
UNIUSDT,1754318700000,uptrend,9.357254,0.0,False
UNIUSDT,1754319600000,uptrend,9.357254,0.0,False
UNIUSDT,1754320500000,uptrend,9.357254,0.0,False
UNIUSDT,1754321400000,uptrend,9.357254,0.0,False
UNIUSDT,1754322300000,uptrend,9.357254,0.0,False
UNIUSDT,1754323200000,uptrend,9.357254,0.0,False
UNIUSDT,1754324100000,uptrend,9.357254,0.0,False
UNIUSDT,1754325000000,uptrend,9.357254,0.0,False
UNIUSDT,1754325900000,uptrend,9.357254,0.0,False
UNIUSDT,1754326800000,uptrend,9.357254,0.0,False
UNIUSDT,1754327700000,uptrend,9.746317999999999,0.0,False
UNIUSDT,1754372700000,downtrend,9.830809,0.0,False
UNIUSDT,1754373600000,downtrend,9.830809,0.0,False
UNIUSDT,1754374500000,downtrend,9.830809,0.0,False
UNIUSDT,1754375400000,downtrend,9.830809,0.0,False
UNIUSDT,1754376300000,downtrend,9.830809,0.0,False
UNIUSDT,1754377200000,downtrend,9.830809,0.0,False
UNIUSDT,1754378100000,downtrend,9.797293,0.0,False
UNIUSDT,1754379000000,downtrend,9.797293,0.0,False
UNIUSDT,1754379900000,downtrend,9.797293,0.0,False
UNIUSDT,1754380800000,downtrend,9.797293,0.0,False
UNIUSDT,1754381700000,downtrend,9.797293,0.0,False
UNIUSDT,1754382600000,downtrend,9.797293,0.0,False
UNIUSDT,1754383500000,downtrend,9.761517000000001,0.0,False
AAVEUSDT,1754215200000,uptrend,255.76115,0.0,False
AAVEUSDT,1754216100000,uptrend,255.76115,0.0,False
AAVEUSDT,1754217000000,uptrend,255.76115,0.0,False
AAVEUSDT,1754217900000,uptrend,255.76115,0.0,False
AAVEUSDT,1754218800000,uptrend,255.76115,0.0,False
AAVEUSDT,1754219700000,uptrend,255.76115,0.0,False
AAVEUSDT,1754220600000,uptrend,255.76115,0.0,False
AAVEUSDT,1754221500000,uptrend,255.76115,0.0,False
AAVEUSDT,1754222400000,uptrend,255.76115,0.0,False
AAVEUSDT,1754223300000,uptrend,256.74499000000003,0.0,False
AAVEUSDT,1754224200000,uptrend,256.74499000000003,0.0,False
AAVEUSDT,1754225100000,uptrend,256.74499000000003,0.0,False
AAVEUSDT,1754226000000,uptrend,256.74499000000003,0.0,False
AAVEUSDT,1754226900000,uptrend,258.13414,0.0,False
AAVEUSDT,1754227800000,uptrend,258.13414,0.0,False
AAVEUSDT,1754228700000,uptrend,258.13414,0.0,False
AAVEUSDT,1754229600000,uptrend,258.13414,0.0,False
AAVEUSDT,1754230500000,uptrend,258.13414,0.0,False
AAVEUSDT,1754231400000,uptrend,258.13414,0.0,False
AAVEUSDT,1754232300000,uptrend,258.13414,0.0,False
AAVEUSDT,1754233200000,uptrend,258.13414,0.0,False
AAVEUSDT,1754234100000,uptrend,258.13414,0.0,False
AAVEUSDT,1754235000000,uptrend,258.13414,0.0,False
AAVEUSDT,1754244900000,downtrend,257.34238,0.0,False
AAVEUSDT,1754245800000,downtrend,257.34238,0.0,False
AAVEUSDT,1754246700000,downtrend,257.34238,0.0,False
AAVEUSDT,1754247600000,downtrend,257.34238,0.0,False
AAVEUSDT,1754248500000,downtrend,257.34238,0.0,False
AAVEUSDT,1754249400000,downtrend,257.34238,0.0,False
AAVEUSDT,1754250300000,downtrend,257.34238,0.0,False
AAVEUSDT,1754251200000,downtrend,257.34238,0.0,False
AAVEUSDT,1754252100000,downtrend,257.34238,0.0,False
AAVEUSDT,1754255700000,uptrend,258.95912,0.0,False
AAVEUSDT,1754256600000,uptrend,258.95912,0.0,False
AAVEUSDT,1754257500000,uptrend,258.95912,0.0,False
AAVEUSDT,1754258400000,uptrend,258.95912,0.0,False
AAVEUSDT,1754259300000,uptrend,258.95912,0.0,False
AAVEUSDT,1754260200000,uptrend,258.95912,0.0,False
AAVEUSDT,1754261100000,uptrend,258.95912,0.0,False
AAVEUSDT,1754262000000,uptrend,258.95912,0.0,False
AAVEUSDT,1754262900000,uptrend,259.14434,0.0,False
AAVEUSDT,1754263800000,uptrend,259.14434,0.0,False
AAVEUSDT,1754264700000,uptrend,259.14434,0.0,False
AAVEUSDT,1754265600000,uptrend,259.14434,0.0,False
AAVEUSDT,1754266500000,uptrend,259.14434,0.0,False
AAVEUSDT,1754267400000,uptrend,259.14434,0.0,False
AAVEUSDT,1754268300000,uptrend,259.14434,0.0,False
AAVEUSDT,1754269200000,uptrend,259.14434,0.0,False
AAVEUSDT,1754270100000,uptrend,259.14434,0.0,False
AAVEUSDT,1754271000000,uptrend,259.14434,0.0,False
AAVEUSDT,1754271900000,uptrend,259.14434,0.0,False
AAVEUSDT,1754272800000,uptrend,259.14434,0.0,False
AAVEUSDT,1754273700000,uptrend,261.73251,0.0,False
AAVEUSDT,1754274600000,uptrend,261.73251,0.0,False
AAVEUSDT,1754275500000,uptrend,261.73251,0.0,False
AAVEUSDT,1754276400000,uptrend,261.73251,0.0,False
AAVEUSDT,1754277300000,uptrend,262.99818,0.0,False
AAVEUSDT,1754278200000,uptrend,262.99818,0.0,False
AAVEUSDT,1754279100000,uptrend,262.99818,0.0,False
AAVEUSDT,1754280000000,uptrend,262.99818,0.0,False
AAVEUSDT,1754280900000,uptrend,263.17147,0.0,False
AAVEUSDT,1754281800000,uptrend,263.17147,0.0,False
AAVEUSDT,1754282700000,uptrend,263.17147,0.0,False
AAVEUSDT,1754283600000,uptrend,263.17147,0.0,False
AAVEUSDT,1754284500000,uptrend,263.17147,0.0,False
AAVEUSDT,1754285400000,uptrend,263.17147,0.0,False
AAVEUSDT,1754286300000,uptrend,263.17147,0.0,False
AAVEUSDT,1754287200000,uptrend,263.17147,0.0,False
AAVEUSDT,1754288100000,uptrend,263.17147,0.0,False
AAVEUSDT,1754289000000,uptrend,263.17147,0.0,False
AAVEUSDT,1754289900000,uptrend,263.17147,0.0,False
AAVEUSDT,1754290800000,uptrend,263.17147,0.0,False
AAVEUSDT,1754291700000,uptrend,263.17147,0.0,False
AAVEUSDT,1754292600000,uptrend,263.17147,0.0,False
AAVEUSDT,1754295300000,downtrend,261.40193999999997,0.0,False
AAVEUSDT,1754296200000,downtrend,261.40193999999997,0.0,False
AAVEUSDT,1754297100000,downtrend,261.40193999999997,0.0,False
AAVEUSDT,1754298000000,downtrend,261.40193999999997,0.0,False
AAVEUSDT,1754298900000,downtrend,261.40193999999997,0.0,False
AAVEUSDT,1754299800000,downtrend,261.40193999999997,0.0,False
AAVEUSDT,1754308800000,uptrend,262.19309,0.0,False
AAVEUSDT,1754309700000,uptrend,262.19309,0.0,False
AAVEUSDT,1754310600000,uptrend,262.19309,0.0,False
AAVEUSDT,1754311500000,uptrend,262.19309,0.0,False
AAVEUSDT,1754312400000,uptrend,262.19309,0.0,False
AAVEUSDT,1754313300000,uptrend,262.19309,0.0,False
AAVEUSDT,1754314200000,uptrend,262.19309,0.0,False
AAVEUSDT,1754315100000,uptrend,262.19309,0.0,False
AAVEUSDT,1754316000000,uptrend,262.19309,0.0,False
AAVEUSDT,1754316900000,uptrend,262.19309,0.0,False
AAVEUSDT,1754317800000,uptrend,262.19309,0.0,False
AAVEUSDT,1754318700000,uptrend,262.19309,0.0,False
AAVEUSDT,1754319600000,uptrend,262.19309,0.0,False
AAVEUSDT,1754320500000,uptrend,264.78126,0.0,False
AAVEUSDT,1754321400000,uptrend,264.78126,0.0,False
AAVEUSDT,1754322300000,uptrend,264.78126,0.0,False
AAVEUSDT,1754323200000,uptrend,264.78126,0.0,False
AAVEUSDT,1754324100000,uptrend,264.78126,0.0,False
AAVEUSDT,1754325000000,uptrend,264.78126,0.0,False
AAVEUSDT,1754325900000,uptrend,264.78126,0.0,False
AAVEUSDT,1754326800000,uptrend,264.78126,0.0,False
AAVEUSDT,1754327700000,uptrend,264.78126,0.0,False
AAVEUSDT,1754328600000,uptrend,264.78126,0.0,False
AAVEUSDT,1754329500000,uptrend,264.78126,0.0,False
AAVEUSDT,1754330400000,uptrend,264.78126,0.0,False
AAVEUSDT,1754331300000,uptrend,264.78126,0.0,False
AAVEUSDT,1754332200000,uptrend,266.59242,0.0,False
AAVEUSDT,1754333100000,uptrend,266.59242,0.0,False
AAVEUSDT,1754334000000,uptrend,266.59242,0.0,False
AAVEUSDT,1754334900000,uptrend,266.59242,0.0,False
AAVEUSDT,1754335800000,uptrend,266.59242,0.0,False
AAVEUSDT,1754336700000,uptrend,266.59242,0.0,False
AAVEUSDT,1754337600000,uptrend,266.59242,0.0,False
AAVEUSDT,1754338500000,uptrend,266.59242,0.0,False
AAVEUSDT,1754339400000,uptrend,266.59242,0.0,False
AAVEUSDT,1754340300000,uptrend,268.64748,0.0,False
AAVEUSDT,1754341200000,uptrend,268.64748,0.0,False
AAVEUSDT,1754342100000,uptrend,268.64748,0.0,False
AAVEUSDT,1754343000000,uptrend,268.64748,0.0,False
AAVEUSDT,1754343900000,uptrend,268.64748,0.0,False
AAVEUSDT,1754344800000,uptrend,268.64748,0.0,False
AAVEUSDT,1754345700000,uptrend,268.64748,0.0,False
AAVEUSDT,1754372700000,downtrend,264.65236000000004,0.0,False
AAVEUSDT,1754373600000,downtrend,264.65236000000004,0.0,False
AAVEUSDT,1754374500000,downtrend,264.65236000000004,0.0,False
AAVEUSDT,1754375400000,downtrend,264.65236000000004,0.0,False
AAVEUSDT,1754376300000,downtrend,264.65236000000004,0.0,False
AAVEUSDT,1754377200000,downtrend,264.65236000000004,0.0,False
AAVEUSDT,1754378100000,downtrend,264.65236000000004,0.0,False
AAVEUSDT,1754379000000,downtrend,261.28311999999994,0.0,False
AAVEUSDT,1754379900000,downtrend,261.28311999999994,0.0,False
AAVEUSDT,1754380800000,downtrend,261.28311999999994,0.0,False
AAVEUSDT,1754381700000,downtrend,261.28311999999994,0.0,False
AAVEUSDT,1754382600000,downtrend,261.28311999999994,0.0,False
AAVEUSDT,1754383500000,downtrend,261.28311999999994,0.0,False
ETCUSDT,1754215200000,uptrend,19.631860000000003,0.0,False
ETCUSDT,1754216100000,uptrend,19.631860000000003,0.0,False
ETCUSDT,1754217000000,uptrend,19.631860000000003,0.0,False
ETCUSDT,1754217900000,uptrend,19.631860000000003,0.0,False
ETCUSDT,1754218800000,uptrend,19.631860000000003,0.0,False
ETCUSDT,1754219700000,uptrend,19.665399999999998,0.0,False
ETCUSDT,1754220600000,uptrend,19.665399999999998,0.0,False
ETCUSDT,1754221500000,uptrend,19.665399999999998,0.0,False
ETCUSDT,1754222400000,uptrend,19.665399999999998,0.0,False
ETCUSDT,1754223300000,uptrend,19.77565,0.0,False
ETCUSDT,1754224200000,uptrend,19.77565,0.0,False
ETCUSDT,1754225100000,uptrend,19.77565,0.0,False
ETCUSDT,1754226000000,uptrend,19.77565,0.0,False
ETCUSDT,1754226900000,uptrend,19.77565,0.0,False
ETCUSDT,1754227800000,uptrend,19.77565,0.0,False
ETCUSDT,1754228700000,uptrend,19.77565,0.0,False
ETCUSDT,1754229600000,uptrend,19.77565,0.0,False
ETCUSDT,1754230500000,uptrend,19.87068,0.0,False
ETCUSDT,1754231400000,uptrend,19.87068,0.0,False
ETCUSDT,1754232300000,uptrend,19.87068,0.0,False
ETCUSDT,1754233200000,uptrend,19.87068,0.0,False
ETCUSDT,1754234100000,uptrend,19.87068,0.0,False
ETCUSDT,1754235000000,uptrend,19.87068,0.0,False
ETCUSDT,1754244900000,downtrend,19.65435,0.0,False
ETCUSDT,1754245800000,downtrend,19.65435,0.0,False
ETCUSDT,1754246700000,downtrend,19.65435,0.0,False
ETCUSDT,1754247600000,downtrend,19.65435,0.0,False
ETCUSDT,1754248500000,downtrend,19.65435,0.0,False
ETCUSDT,1754249400000,downtrend,19.65435,0.0,False
ETCUSDT,1754250300000,downtrend,19.65435,0.0,False
ETCUSDT,1754251200000,downtrend,19.65435,0.0,False
ETCUSDT,1754252100000,downtrend,19.65435,0.0,False
ETCUSDT,1754253000000,downtrend,19.65435,0.0,False
ETCUSDT,1754255700000,uptrend,19.81944,0.0,False
ETCUSDT,1754263800000,uptrend,19.82826,0.0,False
ETCUSDT,1754264700000,uptrend,19.82826,0.0,False
ETCUSDT,1754265600000,uptrend,19.82826,0.0,False
ETCUSDT,1754266500000,uptrend,19.82826,0.0,False
ETCUSDT,1754267400000,uptrend,19.82826,0.0,False
ETCUSDT,1754268300000,uptrend,19.82826,0.0,False
ETCUSDT,1754269200000,uptrend,19.82826,0.0,False
ETCUSDT,1754270100000,uptrend,19.82826,0.0,False
ETCUSDT,1754271000000,uptrend,19.82826,0.0,False
ETCUSDT,1754271900000,uptrend,19.82826,0.0,False
ETCUSDT,1754272800000,uptrend,19.82826,0.0,False
ETCUSDT,1754273700000,uptrend,20.018320000000003,0.0,False
ETCUSDT,1754274600000,uptrend,20.018320000000003,0.0,False
ETCUSDT,1754275500000,uptrend,20.018320000000003,0.0,False
ETCUSDT,1754276400000,uptrend,20.018320000000003,0.0,False
ETCUSDT,1754277300000,uptrend,20.093290000000003,0.0,False
ETCUSDT,1754278200000,uptrend,20.093290000000003,0.0,False
ETCUSDT,1754279100000,uptrend,20.093290000000003,0.0,False
ETCUSDT,1754280000000,uptrend,20.093290000000003,0.0,False
ETCUSDT,1754292600000,downtrend,20.00056,0.0,False
ETCUSDT,1754293500000,downtrend,20.00056,0.0,False
ETCUSDT,1754294400000,downtrend,20.00056,0.0,False
ETCUSDT,1754295300000,downtrend,20.00056,0.0,False
ETCUSDT,1754296200000,downtrend,20.00056,0.0,False
ETCUSDT,1754297100000,downtrend,20.00056,0.0,False
ETCUSDT,1754305200000,uptrend,20.10708,0.0,False
ETCUSDT,1754306100000,uptrend,20.10708,0.0,False
ETCUSDT,1754307000000,uptrend,20.11826,0.0,False
ETCUSDT,1754307900000,uptrend,20.11826,0.0,False
ETCUSDT,1754308800000,uptrend,20.11826,0.0,False
ETCUSDT,1754309700000,uptrend,20.11826,0.0,False
ETCUSDT,1754340300000,uptrend,20.790060000000004,0.0,False
ETCUSDT,1754341200000,uptrend,20.790060000000004,0.0,False
ETCUSDT,1754342100000,uptrend,20.790060000000004,0.0,False
ETCUSDT,1754343000000,uptrend,20.790060000000004,0.0,False
ETCUSDT,1754343900000,uptrend,20.790060000000004,0.0,False
ETCUSDT,1754344800000,uptrend,20.790060000000004,0.0,False
ETCUSDT,1754345700000,uptrend,20.790060000000004,0.0,False
ETCUSDT,1754346600000,uptrend,20.790060000000004,0.0,False
ETCUSDT,1754347500000,uptrend,20.790060000000004,0.0,False
ETCUSDT,1754348400000,uptrend,20.790060000000004,0.0,False
ETCUSDT,1754349300000,uptrend,20.790060000000004,0.0,False
ETCUSDT,1754350200000,uptrend,20.85714,0.0,False
ETCUSDT,1754351100000,uptrend,20.85714,0.0,False
ETCUSDT,1754352000000,uptrend,20.85714,0.0,False
ETCUSDT,1754352900000,uptrend,20.85714,0.0,False
ETCUSDT,1754353800000,uptrend,20.85714,0.0,False
ETCUSDT,1754354700000,uptrend,20.85714,0.0,False
ETCUSDT,1754355600000,uptrend,20.993850000000002,0.0,False
ETCUSDT,1754356500000,uptrend,20.993850000000002,0.0,False
ETCUSDT,1754357400000,uptrend,20.993850000000002,0.0,False
ETCUSDT,1754358300000,uptrend,21.01062,0.0,False
ETCUSDT,1754359200000,uptrend,21.01062,0.0,False
ETCUSDT,1754360100000,uptrend,21.01062,0.0,False
ETCUSDT,1754361000000,uptrend,21.01062,0.0,False
ETCUSDT,1754361900000,uptrend,21.01062,0.0,False
ETCUSDT,1754362800000,uptrend,21.01062,0.0,False
ETCUSDT,1754363700000,uptrend,21.01062,0.0,False
ETCUSDT,1754364600000,uptrend,21.01062,0.0,False
ETCUSDT,1754365500000,uptrend,21.01062,0.0,False
ETCUSDT,1754366400000,uptrend,21.01062,0.0,False
ETCUSDT,1754367300000,uptrend,21.01062,0.0,False
ETCUSDT,1754368200000,uptrend,21.01062,0.0,False
ETCUSDT,1754369100000,uptrend,21.01062,0.0,False
ETCUSDT,1754370000000,uptrend,21.01062,0.0,False
ETCUSDT,1754370900000,uptrend,21.01062,0.0,False
ETCUSDT,1754371800000,uptrend,21.01062,0.0,False
ETCUSDT,1754372700000,uptrend,21.01062,0.0,False
ETCUSDT,1754373600000,uptrend,21.01062,0.0,False
ETCUSDT,1754374500000,uptrend,21.01062,0.0,False
ETCUSDT,1754375400000,uptrend,21.01062,0.0,False
ETCUSDT,1754376300000,uptrend,21.01062,0.0,False
ETCUSDT,1754377200000,uptrend,21.01062,0.0,False
TRUMPUSDT,1754226900000,uptrend,8.80913,0.0,False
TRUMPUSDT,1754227800000,uptrend,8.80913,0.0,False
TRUMPUSDT,1754228700000,uptrend,8.80913,0.0,False
TRUMPUSDT,1754244000000,uptrend,8.81031,0.0,False
TRUMPUSDT,1754277300000,uptrend,8.905899999999999,0.0,False
TRUMPUSDT,1754278200000,uptrend,8.905899999999999,0.0,False
TRUMPUSDT,1754279100000,uptrend,8.905899999999999,0.0,False
TRUMPUSDT,1754340300000,uptrend,8.98826,0.0,False
TRUMPUSDT,1754341200000,uptrend,8.98826,0.0,False
TRUMPUSDT,1754342100000,uptrend,8.98826,0.0,False
TRUMPUSDT,1754343000000,uptrend,8.98826,0.0,False
TRUMPUSDT,1754343900000,uptrend,8.98826,0.0,False
TRUMPUSDT,1754344800000,uptrend,8.98826,0.0,False
TRUMPUSDT,1754345700000,uptrend,8.98826,0.0,False
TRUMPUSDT,1754346600000,uptrend,8.98826,0.0,False
TRUMPUSDT,1754347500000,uptrend,8.98826,0.0,False
TRUMPUSDT,1754348400000,uptrend,8.98826,0.0,False
TRUMPUSDT,1754349300000,uptrend,8.98826,0.0,False
TRUMPUSDT,1754350200000,uptrend,8.98826,0.0,False
TRUMPUSDT,1754351100000,uptrend,8.98826,0.0,False
TRUMPUSDT,1754352000000,uptrend,8.98826,0.0,False
TRUMPUSDT,1754352900000,uptrend,8.98826,0.0,False
TRUMPUSDT,1754353800000,uptrend,8.98826,0.0,False
TRUMPUSDT,1754354700000,uptrend,8.98826,0.0,False
TRUMPUSDT,1754355600000,uptrend,8.98826,0.0,False
TRUMPUSDT,1754356500000,uptrend,8.99385,0.0,False
TRUMPUSDT,1754357400000,uptrend,8.99385,0.0,False
TRUMPUSDT,1754358300000,uptrend,8.99385,0.0,False
TRUMPUSDT,1754359200000,uptrend,8.99385,0.0,False
TRUMPUSDT,1754360100000,uptrend,8.99385,0.0,False
TRUMPUSDT,1754361000000,uptrend,8.99385,0.0,False
TRUMPUSDT,1754361900000,uptrend,8.99385,0.0,False
TRUMPUSDT,1754362800000,uptrend,8.99385,0.0,False
TRUMPUSDT,1754363700000,uptrend,8.99385,0.0,False
TRUMPUSDT,1754364600000,uptrend,8.99385,0.0,False
TRUMPUSDT,1754365500000,uptrend,8.99385,0.0,False
TRUMPUSDT,1754378100000,downtrend,8.90528,0.0,False
BTCUSDT,1754385300000,downtrend,114067.46854,0.0,False
ETHUSDT,1754385300000,downtrend,3635.99856,0.0,False
XRPUSDT,1754385300000,downtrend,3.021819,0.0,False
